id,created,dst,offset,abbr,timezone_id,md5
1,1738102962,1,37800,acdt,Australia/Adelaide,bffd070909d6c5a3338837b1b77c49b3
2,1738102988,1,37800,acdt,Australia/Broken_Hill,3a3ced7739a7fd2d391985d0c5802d8d
3,1738102988,1,37800,acdt,Australia/Darwin,"02841c53a40f092f54d571ca0b9179b3"
4,1738102988,1,37800,acdt,Australia/North,eef4c9741cb08bea171b72e067a0617f
5,1738102988,1,37800,acdt,Australia/South,18ec3b4a8969093e91ca9a14bc7f8647
6,1738102988,1,37800,acdt,Australia/Yancowinna,e2d7adc4c335dda0546a5751f1466667
7,1738103019,"0",34200,acst,Australia/Adelaide,589c1348b68321e1e287a32e824a17ea
8,1738103019,"0",34200,acst,Australia/Broken_Hill,9ffd0b72cb909ff9dd9c24aa06a4025e
9,1738103019,"0",34200,acst,Australia/Darwin,5812de0a6e32f79bf6de0cb30dd893e8
10,1738103019,"0",34200,acst,Australia/North,c7fac8e74fc6d695c7d1a9e3ccfc5459
11,1738103019,"0",34200,acst,Australia/South,f007f52fb0943f63146f65f7c88cbc17
12,1738103019,"0",34200,acst,Australia/Yancowinna,cebb93281917811b4bccfbf603be4122
13,1738103019,1,-7200,addt,America/Goose_Bay,b1b0b8b9b38dafdf2ce8b096216d488c
14,1738103019,1,-7200,addt,America/Pangnirtung,91e11b9d1d450a3cd34b54e51bb3c234
15,1738103019,1,-10800,adt,America/Halifax,a13978957e83e6af87f250c43bedf3cb
16,1738103019,1,-10800,adt,America/Barbados,d0e0f43429b9d9352a4a2b6eb2c7db84
17,1738103019,1,-10800,adt,America/Blanc-Sablon,57480702f9b91374999fe780ef6f854e
18,1738103019,1,-10800,adt,America/Glace_Bay,9f2f6bdcf5ebf5f0c60025820b7539a3
19,1738103019,1,-10800,adt,America/Goose_Bay,2f0e68fc3e65e5ba9ca9496bee1463de
20,1738103019,1,-10800,adt,America/Martinique,bca16ced346dc436c46687f6660b55c3
21,1738103019,1,-10800,adt,America/Moncton,20a8c66230a7760ba3d4821a602150ae
22,1738103019,1,-10800,adt,America/Pangnirtung,36693b8ff2bdbc7bfda19287ef59b19b
23,1738103019,1,-10800,adt,America/Thule,af0a39ea0f593bd2dfa058e2570bd26d
24,1738103019,1,-10800,adt,Atlantic/Bermuda,376699ab96d9c7e18ad8ce26f202d4bc
25,1738103019,1,-10800,adt,Canada/Atlantic,eabc457d26be9eee9ea02f89842625c6
26,1738103019,1,39600,aedt,Australia/Melbourne,b1993e44a6287ecd6be20d1911c8d428
27,1738103019,1,39600,aedt,Antarctica/Macquarie,ab5954ba2999b18e0b14f950ea65f34e
28,1738103019,1,39600,aedt,Australia/ACT,115d411f49971a2fae6094f7c4f0dd25
29,1738103019,1,39600,aedt,Australia/Brisbane,8ab86fc2c9468fc7c8aafd5bab0c9be0
30,1738103019,1,39600,aedt,Australia/Canberra,8a2cef175e4131fe711afdc0a5315d83
31,1738103019,1,39600,aedt,Australia/Currie,9c943648fedfced7076a29cb0a8756d2
32,1738103019,1,39600,aedt,Australia/Hobart,95d9d49047dd8f26bae55846be691b8f
33,1738103019,1,39600,aedt,Australia/Lindeman,5d4178f46a7c79f2c528f489516f4297
34,1738103019,1,39600,aedt,Australia/NSW,763eec46dbd252cd5c12020fffdceb09
35,1738103019,1,39600,aedt,Australia/Queensland,beab1060e8c34d00e4b379eb29c95d95
36,1738103019,1,39600,aedt,Australia/Sydney,e6758183ad8313b363e81ddb0a7d5350
37,1738103019,1,39600,aedt,Australia/Tasmania,f46c6abebb0c6c7fe97c3b2400c078cf
38,1738103019,1,39600,aedt,Australia/Victoria,25f4f18dd17feefaf2c4b43ec5f5d47e
39,1738103019,"0",36000,aest,Australia/Melbourne,1aa8cc3cfa89e69ef4e012ba72786bd5
40,1738103019,"0",36000,aest,Antarctica/Macquarie,a3a8bac408c57f947cc98c2ae3671d45
41,1738103019,"0",36000,aest,Australia/ACT,7bb4e4c23a61134a4863117f5798e6e1
42,1738103019,"0",36000,aest,Australia/Brisbane,8239cf934663ad216caf70f6ff762fb0
43,1738103019,"0",36000,aest,Australia/Canberra,eab275c9325b93a17f6401ced5cdc4dd
44,1738103019,"0",36000,aest,Australia/Currie,4d12a54f8473a78b7f315ccf14eba66e
45,1738103019,"0",36000,aest,Australia/Hobart,6318b2b43f7826840efb959dbb191795
46,1738103019,"0",36000,aest,Australia/LHI,e9f103530ffd3e0fec4568ba7052a6dc
47,1738103019,"0",36000,aest,Australia/Lindeman,ab794d6a86a5284d6e67d046a469571e
48,1738103019,"0",36000,aest,Australia/Lord_Howe,9cc01d4b4fad11be8b4aaa7f6de6af95
49,1738103019,"0",36000,aest,Australia/NSW,333aafadf0a8728768179fb2b75f0ecd
50,1738103019,"0",36000,aest,Australia/Queensland,ab49ecdef969dbbc0d4290f5775bcb58
51,1738103019,"0",36000,aest,Australia/Sydney,afbe8c6af77ae40b5364d3604a8365a3
52,1738103019,"0",36000,aest,Australia/Tasmania,5f99563733bb9c748d65a5ffe15dc06d
53,1738103019,"0",36000,aest,Australia/Victoria,c74096ccfff84b9c962a1fd5e3b4514b
54,1738103019,1,-32400,ahdt,America/Anchorage,"0d9f4f3e35f518bca16790e2e1097213"
55,1738103019,"0",-36000,ahst,America/Anchorage,ee0f8e16797bf534b0c3569d97c67f07
56,1738103019,"0",-36000,ahst,America/Adak,1ae19becee96238c5a0d8b788985e68a
57,1738103019,"0",-36000,ahst,America/Atka,1a03cc74c9ca29c0f8bcda438ae62b69
58,1738103019,1,-28800,akdt,America/Anchorage,9c142470dd7f401805155604e8b61ebc
59,1738103019,1,-28800,akdt,America/Juneau,3307bcbe36b6fa5b47bb4b9054226f66
60,1738103019,1,-28800,akdt,America/Metlakatla,e6dabbb03722cae8916d464d7b6087cd
61,1738103019,1,-28800,akdt,America/Nome,6b197878a9cef870edb1816bef5c92c0
62,1738103019,1,-28800,akdt,America/Sitka,7238dc62f853323bd268f81a5e8bbd8f
63,1738103019,1,-28800,akdt,America/Yakutat,5a3d685fe5f2f244b6308431a03b7578
64,1738103019,"0",-32400,akst,America/Anchorage,32f34fc6bfcd9290834aa7a8dadd0eb9
65,1738103019,"0",-32400,akst,America/Juneau,cc609b74b421e2b6d112067dfd549c67
66,1738103019,"0",-32400,akst,America/Metlakatla,1bea7f054380c1f07689941848f9eab2
67,1738103019,"0",-32400,akst,America/Nome,809da23f3b8ff527328bfe1c2e004d49
68,1738103019,"0",-32400,akst,America/Sitka,d3c4a214ce21e63e7ca31477b3bcc058
69,1738103019,"0",-32400,akst,America/Yakutat,5ea9860d9056730eac350221345a7389
70,1738103019,"0",-13840,amt,America/Asuncion,dee7ad803848dea3181ef92b14e6189b
71,1738103019,"0",1172,amt,Europe/Amsterdam,24fd07e31be5972b13d08c25417932d3
72,1738103019,"0",5692,amt,Europe/Athens,507caf2181dfc863df4c48979b08f297
73,1738103019,1,-10800,apt,America/Halifax,e0eba84e50addbb33240f1b486a3bdde
74,1738103019,1,-10800,apt,America/Blanc-Sablon,be9eb9ba92020be49d20a9cb6b6cac81
75,1738103019,1,-10800,apt,America/Glace_Bay,"0847123fbfe5d57b389f8c438b01437a"
76,1738103019,1,-10800,apt,America/Moncton,33633fd2376166e2843c83038876ec9b
77,1738103019,1,-10800,apt,America/Pangnirtung,8d5321a6c49bdff8f00af14fd0545ba9
78,1738103019,1,-10800,apt,America/Puerto_Rico,c2f57dd504ab16d92ec5c22bf22139b4
79,1738103019,1,-10800,apt,Canada/Atlantic,5a7401ff71d6fe31c2b21d4c7babca5a
80,1738103019,1,-32400,apt,America/Anchorage,41e4c3033996dba1bf1b52e765a4aa82
81,1738103019,"0",-14400,ast,America/Anguilla,d711731f6e2397c31d0e1f4d25bc0001
82,1738103019,"0",-14400,ast,America/Antigua,d44b3b962ad5b0eab6509399710af602
83,1738103019,"0",-14400,ast,America/Aruba,142f0932614134afb6788f111f07d36c
84,1738103019,"0",-14400,ast,America/Barbados,957fdcf22503e47bb9b2bcd42db59628
85,1738103019,"0",-14400,ast,America/Blanc-Sablon,71b0d24453dcf8319d7cac3564647042
86,1738103019,"0",-14400,ast,America/Curacao,41683edae80af4bbb9dd7100abbe0d20
87,1738103019,"0",-14400,ast,America/Dominica,"06a9d6888184de2c75de530605f7861f"
88,1738103019,"0",-14400,ast,America/Glace_Bay,dc10be387a3c06524d84b7bb919b7eb8
89,1738103019,"0",-14400,ast,America/Goose_Bay,a9942944c743665b9dfb6e3ffa8f994a
90,1738103019,"0",-14400,ast,America/Grand_Turk,7295df0b6e4ff4fcdefc202e7204fd7b
91,1738103019,"0",-14400,ast,America/Grenada,65200d7208a7da1af94cf72ee1c14eea
92,1738103019,"0",-14400,ast,America/Guadeloupe,a0e612ba3045ea26b459c22725b5db16
93,1738103019,"0",-14400,ast,America/Halifax,172a19896dec819aa5cf732736dbf58d
94,1738103019,"0",-14400,ast,America/Kralendijk,f08a65086a182d060b7395a3b200435a
95,1738103019,"0",-14400,ast,America/Lower_Princes,c661f5aa9b3b9995ca8d8882e0b8c866
96,1738103019,"0",-14400,ast,America/Marigot,1edcb03c657cb9dcf90580c52adeafd7
97,1738103019,"0",-14400,ast,America/Martinique,946162cef0bff644d8f550a6750f5741
98,1738103019,"0",-14400,ast,America/Miquelon,"0cecf551e78d60890ddab633c9212957"
99,1738103019,"0",-14400,ast,America/Moncton,91fd1af2dedbb4a45b6367b23332f13e
100,1738103019,"0",-14400,ast,America/Montserrat,a0bd58795e2373dd4eb46e7d80c6e007
101,1738103019,"0",-14400,ast,America/Pangnirtung,a872d832f5d2942b293574fa7ac1a224
102,1738103019,"0",-14400,ast,America/Port_of_Spain,4583350e41c1e1618c8caa64335b0098
103,1738103019,"0",-14400,ast,America/Puerto_Rico,a1f0c7b81622a9bb00fbc6f3928572b8
104,1738103019,"0",-14400,ast,America/Santo_Domingo,7367ef170dcfdf7b287258d395073ea2
105,1738103019,"0",-14400,ast,America/St_Barthelemy,e6e8be39054294d6b0b1e794632e4057
106,1738103019,"0",-14400,ast,America/St_Kitts,c763ade160437afca5993087a52f2061
107,1738103019,"0",-14400,ast,America/St_Lucia,745cacb1d5571c0265194165c747cb09
108,1738103019,"0",-14400,ast,America/St_Thomas,a5a1b151ddca923223343bad1bf09fc3
109,1738103019,"0",-14400,ast,America/St_Vincent,de50f2baa1150c53d93632502a5cc94c
110,1738103019,"0",-14400,ast,America/Thule,8697e059a65b20c1dd9d8e956befb33f
111,1738103019,"0",-14400,ast,America/Tortola,"0e61d9633c822e28d98861cf37ee0291"
112,1738103019,"0",-14400,ast,America/Virgin,53d857abe227b243b87887e0dfaca508
113,1738103019,"0",-14400,ast,Atlantic/Bermuda,118f74abb6a8e80a320f94b5ba68c6ff
114,1738103019,"0",-14400,ast,Canada/Atlantic,808203c306129f877bc8f4c9f863e9cf
115,1738103019,"0",-36000,ast,America/Anchorage,84dc24d62c0aef7855dba08cb3ccc558
116,1738103019,1,32400,awdt,Australia/Perth,81735d09ab5175150962d0027de5031c
117,1738103019,1,32400,awdt,Australia/West,b93f1ebffb1491a8abcba58a3806dbc3
118,1738103019,"0",28800,awst,Australia/Perth,16d4d877e681f7d10b5b024df4501d07
119,1738103019,"0",28800,awst,Australia/West,e01c532ec847a3a86631d6f170102828
120,1738103019,1,-10800,awt,America/Halifax,a147f1a9905d2495ea70b4f0588e80e9
121,1738103019,1,-10800,awt,America/Blanc-Sablon,5ab1fbfc5c07851c6b866f60a763e5f9
122,1738103019,1,-10800,awt,America/Glace_Bay,"0524d41418a8c6e5e4f305af07b077c1"
123,1738103019,1,-10800,awt,America/Moncton,be3caa831fb0ba88822b896dc772225d
124,1738103019,1,-10800,awt,America/Pangnirtung,e02921caa991d1d6c3dd96ad3f13a60e
125,1738103019,1,-10800,awt,America/Puerto_Rico,e339f73cc6a7c8caafc1da01c3adb8fd
126,1738103019,1,-10800,awt,Canada/Atlantic,2ae19e57a6e4e331144dbc6f3bbcf283
127,1738103019,1,-32400,awt,America/Anchorage,"01d40acc6da39f313f974cbd2476f45c"
128,1738103019,1,7200,bdst,Europe/London,409f0f3e30bbedde701c2c855e88847d
129,1738103019,1,7200,bdst,Europe/Belfast,5502464a9aed9616c136e64e296e8219
130,1738103019,1,7200,bdst,Europe/Gibraltar,7117473e231efcdca0e96773284cb993
131,1738103019,1,7200,bdst,Europe/Guernsey,"01da02dcfc5fdea8409b2d282e8d3e1b"
132,1738103019,1,7200,bdst,Europe/Isle_of_Man,1b21f88f5fb44b2a914f7d73fde5ff08
133,1738103019,1,7200,bdst,Europe/Jersey,c354b6aa89eb37099caa52d0edb13efd
134,1738103019,1,7200,bdst,GB,4c9fd9858914a7bf9cf7cfd133f69c76
135,1738103019,1,-36000,bdt,America/Adak,dd7502bed990fefba47fab01597cf943
136,1738103019,1,-36000,bdt,America/Atka,abb13af406416a61605a40672d9f2ba2
137,1738103019,1,-36000,bdt,America/Nome,612f9fde1c979292c8d21e485b069325
138,1738103019,"0",-14309,bmt,America/Barbados,52780b3e0cc216d98bda6db0955b4f6e
139,1738103019,"0",6264,bmt,Europe/Tiraspol,1f513bcfbc99f1ba3eceb6601f30db34
140,1738103019,"0",-17776,bmt,America/Bogota,4c3a480d0ac06b3e7fb0f5942b33b4bb
141,1738103019,"0",10656,bmt,Asia/Baghdad,d044c30c410b74d00d178ce40323470e
142,1738103019,"0",24124,bmt,Asia/Bangkok,2a7ac29a04df4376c8f8dac726961dad
143,1738103019,"0",24124,bmt,Asia/Phnom_Penh,789b0663a9812d0fa60af9fe51c52492
144,1738103019,"0",24124,bmt,Asia/Vientiane,36c778fb69c7c287bc46bff0313d959c
145,1738103019,"0",25632,bmt,Asia/Jakarta,3e01e7abf33f1b602da007d081c828df
146,1738103019,"0",6264,bmt,Europe/Bucharest,417325ee6d649a7212329e414eed397b
147,1738103019,"0",6264,bmt,Europe/Chisinau,1c3a4c545aaf79d2b5093ee0aeb0cb93
148,1738103019,1,3600,bst,Europe/London,94e7a30edeba07fba65c2ef55f77ddf9
149,1738103019,1,-12756,bst,America/La_Paz,c7aee223de5616e7dc2d982f8ad6027d
150,1738103019,"0",-39600,bst,America/Adak,af2233462d4a3ae135332d6ed87f5eac
151,1738103019,"0",-39600,bst,America/Atka,b4683920c59a9df358bd37e8632d54d0
152,1738103019,"0",-39600,bst,America/Nome,1a2e093a93a8a9ed7199ff13d39a75ed
153,1738103019,"0",3600,bst,Europe/Belfast,cdab763e7fa6c9196fa3f6bd52b882f0
154,1738103019,"0",3600,bst,Europe/Guernsey,96ce48da9f32c097b7f97e7063d4b680
155,1738103019,"0",3600,bst,Europe/Isle_of_Man,3c7bfa6fad4bcd23225884d395f9e045
156,1738103019,"0",3600,bst,Europe/Jersey,eb0b91c67e0eaa54d3e85a988dfcf75c
157,1738103019,"0",3600,bst,GB,81d6a4279d34e578f89f64cbd4116923
158,1738103019,1,3600,bst,Europe/Dublin,5f9c776469f8b6b2e848fcf523efbaac
159,1738103019,1,3600,bst,Europe/Gibraltar,60d4e7ec75480164192ea716d147779f
160,1738103019,"0",34200,cast,Australia/Adelaide,c18ca392619529f3715bf0c3a7e03133
161,1738103019,1,10800,cast,Africa/Juba,"08013a58073b409f098cafb671d0c6e9"
162,1738103019,1,10800,cast,Africa/Khartoum,bf1591d6cb807fab09906952b41bd119
163,1738103019,"0",7200,cat,Africa/Khartoum,b426e0cc3ceffdc1e4b18aa4e0da3ecf
164,1738103019,"0",7200,cat,Africa/Blantyre,58dddd41ea5a924c23a30814fcc1a159
165,1738103019,"0",7200,cat,Africa/Bujumbura,"0cfa10d2a8f4a732dd3490c36f2ea37e"
166,1738103019,"0",7200,cat,Africa/Gaborone,d2c1fd55970dd3915bba04707b9be83d
167,1738103019,"0",7200,cat,Africa/Harare,ccf029a3545c55fa36e5c2dc8ab7279a
168,1738103019,"0",7200,cat,Africa/Juba,48e410ce0dc9cec05568c5269ba66602
169,1738103019,"0",7200,cat,Africa/Kigali,2133bda8d7b360ab64e93188205b430a
170,1738103019,"0",7200,cat,Africa/Lubumbashi,161b25b684e2069909533c979ae103ce
171,1738103019,"0",7200,cat,Africa/Lusaka,f48a75e567fee3fd97d3f3263cd2632a
172,1738103019,"0",7200,cat,Africa/Maputo,3510eb76ce4688f5d5256d7ef28b9552
173,1738103019,"0",7200,cat,Africa/Windhoek,48864174ed063d409361bd1f7a37ebf5
174,1738103019,1,-14400,cddt,America/Rankin_Inlet,d35adadba77a5526e2ce5349d6aeda55
175,1738103019,1,-14400,cddt,America/Resolute,b652fee5ae983d1d0adfe405beb6278d
176,1738103019,1,-18000,cdt,America/Chicago,d8964a4dfdf938c95cc202bff632ed98
177,1738103019,1,32400,cdt,Asia/Shanghai,f5aec3a2e6385a01fa9ebb0cd2d212b2
178,1738103019,1,-14400,cdt,America/Havana,4b2d2db21d49443f77423c16fbf7c945
179,1738103019,1,-18000,cdt,America/Atikokan,"035e0ebfc0ffdb0786320387dc3392d8"
180,1738103019,1,-18000,cdt,America/Bahia_Banderas,1750ab0e478cd07593df00ddd2596a9a
181,1738103019,1,-18000,cdt,America/Belize,c50cc243df60f4b117c2e84b8fd35441
182,1738103019,1,-18000,cdt,America/Cambridge_Bay,7a1f0161e4cb958dec3fb38499ff1763
183,1738103019,1,-18000,cdt,America/Cancun,9943f97163dc96642c5a484f0495c891
184,1738103019,1,-18000,cdt,America/Chihuahua,3a4a18f0d8f3a28552ce009c44f1f7eb
185,1738103019,1,-18000,cdt,America/Coral_Harbour,e1f8326e0822c5b354978e79ca8b750b
186,1738103019,1,-18000,cdt,America/Costa_Rica,bab6b34367c0b81643ebf340c6e22e9c
187,1738103019,1,-18000,cdt,America/El_Salvador,87b6972bae24125d496e7e98e9e22752
188,1738103019,1,-18000,cdt,America/Fort_Wayne,65dda0b61bdac04f234e709fcb118cfd
189,1738103019,1,-18000,cdt,America/Guatemala,"06dc049bd7e0b3b60523e2202f8372c9"
190,1738103019,1,-18000,cdt,America/Indiana/Indianapolis,77122d71a6ddefaec3c61666804ad823
191,1738103019,1,-18000,cdt,America/Indiana/Knox,398cbc6cdb5bd70e8e99b1647a49447c
192,1738103019,1,-18000,cdt,America/Indiana/Marengo,851f31aedca72491ba9e991d6d2d0654
193,1738103019,1,-18000,cdt,America/Indiana/Petersburg,9403a64385aab54f059ff8f67c844645
194,1738103019,1,-18000,cdt,America/Indiana/Tell_City,ddba4be5ba52e89c2eb47e73e3555b68
195,1738103019,1,-18000,cdt,America/Indiana/Vevay,d1cf06a3ca1e4ef23999770c4831d913
196,1738103019,1,-18000,cdt,America/Indiana/Vincennes,4373c86b0a50545464c4010c89e12560
197,1738103019,1,-18000,cdt,America/Indiana/Winamac,7847337fd42a814ce6e93fe886eb0256
198,1738103019,1,-18000,cdt,America/Indianapolis,3803fc0e68fe1b81e9d50e217d3bb10f
199,1738103019,1,-18000,cdt,America/Iqaluit,79ac62fcc987c32f4f54fbe41ad3337c
200,1738103019,1,-18000,cdt,America/Kentucky/Louisville,9c2b93540a0e468c519b3ed39fe6afe7
201,1738103019,1,-18000,cdt,America/Kentucky/Monticello,6f7fcc1d150fabc7ac9c51571dacb922
202,1738103019,1,-18000,cdt,America/Knox_IN,2badfa1f8e17fa530c2ce33f28a377be
203,1738103019,1,-18000,cdt,America/Louisville,b326ee7cfead425c8c7038b432a763dd
204,1738103019,1,-18000,cdt,America/Managua,f3694136df052170d796185170ee75dc
205,1738103019,1,-18000,cdt,America/Matamoros,fae5f137e7005b07665de8f55d13eea1
206,1738103019,1,-18000,cdt,America/Menominee,c0776907b281fe5d2841ea4704b96c91
207,1738103019,1,-18000,cdt,America/Merida,67d5aa0139d8f71162ac37aa8375bd8a
208,1738103019,1,-18000,cdt,America/Mexico_City,128d711f4345f8a1402843e7edeb07e8
209,1738103019,1,-18000,cdt,America/Monterrey,568321b2339476bc04975446bc6034b7
210,1738103019,1,-18000,cdt,America/North_Dakota/Beulah,c9b9f7c772e10ab5b390978a38978341
211,1738103019,1,-18000,cdt,America/North_Dakota/Center,5df15579e3ebfdc06e776d53d5d98245
212,1738103019,1,-18000,cdt,America/North_Dakota/New_Salem,fe0008858476ea593d6925ba6a9df874
213,1738103019,1,-18000,cdt,America/Ojinaga,9c899ccefd2c900103c4d68c16297013
214,1738103019,1,-18000,cdt,America/Pangnirtung,4ced826fea01f439a6a72733c7d23cbe
215,1738103019,1,-18000,cdt,America/Rainy_River,5a96dd68556a29c3674acd7b684c31d9
216,1738103019,1,-18000,cdt,America/Rankin_Inlet,f79e1c8f76f59bbec263017c8e0dd49b
217,1738103019,1,-18000,cdt,America/Resolute,181144402537810de2172884731c4228
218,1738103019,1,-18000,cdt,America/Tegucigalpa,c60da321a892793b35b9e11927e916b6
219,1738103019,1,-18000,cdt,America/Winnipeg,6c5e1170f35a67e5b391e6342e744902
220,1738103019,1,-18000,cdt,Canada/Central,4a4c8a9b03b6f54f4e5887fd48c5c1a0
221,1738103019,1,-18000,cdt,Mexico/General,9705f78e2b6d69c0ef43103559053998
222,1738103019,1,32400,cdt,Asia/Chongqing,5596f501f8eb0287760794ac4b69bd9f
223,1738103019,1,32400,cdt,Asia/Chungking,45e534572fd29e99e90a694fa46b33a9
224,1738103019,1,32400,cdt,Asia/Harbin,59ffce7036731fb983c42eec426dda52
225,1738103019,1,32400,cdt,Asia/Macao,2b353240a9c8627330faa4dd1eecea17
226,1738103019,1,32400,cdt,Asia/Macau,d53b16a534fc7c30cf69e156557bd9bb
227,1738103019,1,32400,cdt,Asia/Taipei,f3e19a472c25d7adcfb18cadee2009ce
228,1738103019,1,32400,cdt,PRC,b0b691293461b7cec4f6c9858c233a03
229,1738103019,1,32400,cdt,ROC,be0fa881740945d256736aac5aef0774
230,1738103019,1,10800,cemt,Europe/Berlin,bbe74c718439519afb9d567e4b7b0a8f
231,1738103019,1,7200,cest,Europe/Berlin,bb4b29bf55048c1b61e2bdbe3d8ef018
232,1738103019,1,10800,cest,Europe/Kaliningrad,a8782aa8b8c969244fc000c713c62866
233,1738103019,1,7200,cest,Africa/Algiers,1177a6374e4ca09db0314b6352bbe3f7
234,1738103019,1,7200,cest,Africa/Ceuta,6d6a6c94855d8834d56c0835a098c98c
235,1738103019,1,7200,cest,Africa/Tripoli,8bd2d25ef03de5c1a2b3721bb9839710
236,1738103019,1,7200,cest,Africa/Tunis,2f65c0e396b34d84d7edd5754041e12f
237,1738103019,1,7200,cest,Arctic/Longyearbyen,df795c4dc7cc8763080cd8648de63a40
238,1738103019,1,7200,cest,Atlantic/Jan_Mayen,bbdf86f1bdbea74c7e087a30f38a9af6
239,1738103019,1,7200,cest,Europe/Amsterdam,6c234a1c894f4a904d2a1d7b35aba24b
240,1738103019,1,7200,cest,Europe/Andorra,2bba99b9b15d02bb4f9b75c19a168952
241,1738103019,1,7200,cest,Europe/Athens,469b7feeb211cbe08014e187df56f2ab
242,1738103019,1,7200,cest,Europe/Belgrade,ff0a99929d18fd8ed27807830bcbbb2f
243,1738103019,1,7200,cest,Europe/Bratislava,"05cf3ae3bc0f325ce5fd72e093e7a0a0"
244,1738103019,1,7200,cest,Europe/Brussels,14dad485bce3debae7beacde05662f26
245,1738103019,1,7200,cest,Europe/Budapest,cef3cbdb2120523ca19939de502f9b5a
246,1738103019,1,7200,cest,Europe/Busingen,68db5d4a82d30a32b111989fc3dc5ed2
247,1738103019,1,7200,cest,Europe/Chisinau,f9d35d81bb4644fed9d2d26374fbf243
248,1738103019,1,7200,cest,Europe/Copenhagen,d8ee9a966c27b4a1920fa41d7b99b695
249,1738103019,1,7200,cest,Europe/Gibraltar,89eb46a389d0abb16b2a058848dd0b9a
250,1738103019,1,7200,cest,Europe/Kiev,b1479a99332c0798fd61d82d1650d3a5
251,1738103019,1,7200,cest,Europe/Lisbon,d78460990dc4babc3a4ef4fe0fc7e02d
252,1738103019,1,7200,cest,Europe/Ljubljana,3e6c49f7ce724f67485eb0dc658eaf78
253,1738103019,1,7200,cest,Europe/Luxembourg,46866f1eb43896d53807ca3295c5f750
254,1738103019,1,7200,cest,Europe/Madrid,36aca15e2636cbf6209a69df20e4c7ff
255,1738103019,1,7200,cest,Europe/Malta,42c281ba3a46072fe85e052ac3b5908c
256,1738103019,1,7200,cest,Europe/Minsk,c37e26626dbefa75b95b24ce7b0e58c0
257,1738103019,1,7200,cest,Europe/Monaco,9d0a675eb883b2e36be8404942438720
258,1738103019,1,7200,cest,Europe/Oslo,d0363862d70676b9529c29fa2775946e
259,1738103019,1,7200,cest,Europe/Paris,3f526e7676b723d54c8f359c415dc57b
260,1738103019,1,7200,cest,Europe/Podgorica,195f360c33feb87e3ba23f174c552571
261,1738103019,1,7200,cest,Europe/Prague,ec8a88f3c73872d96ed3a76bdb7225d5
262,1738103019,1,7200,cest,Europe/Riga,2968ce2c2dedd2f68655a41b87c11362
263,1738103019,1,7200,cest,Europe/Rome,3a373f4160f6c2dd6b5d2ef14b8784d7
264,1738103019,1,7200,cest,Europe/San_Marino,df7518cf1c71eeb83b6d0a352e3142c9
265,1738103019,1,7200,cest,Europe/Sarajevo,1172d4473eaac05a5f4fb28495233d43
266,1738103019,1,7200,cest,Europe/Simferopol,ed9333a514d3f2cc0a74494b3d4a9f38
267,1738103019,1,7200,cest,Europe/Skopje,ff998db5ed69e76561a1ab9c0bc43d0d
268,1738103019,1,7200,cest,Europe/Sofia,bd56b1c36a040990aa132e54dc137289
269,1738103019,1,7200,cest,Europe/Stockholm,b8e182e1ff589be390aac9f1c5387d91
270,1738103019,1,7200,cest,Europe/Tallinn,9a8415ca9f5287289f7fc61fd60ab675
271,1738103019,1,7200,cest,Europe/Tirane,ef9b43f4b2f81d6fe72832e71a9bdb4e
272,1738103019,1,7200,cest,Europe/Tiraspol,24a522a4a9c377ae06a8f82eddc224a0
273,1738103019,1,7200,cest,Europe/Uzhgorod,52333eba23d9953ab83d61d67d4b60a3
274,1738103019,1,7200,cest,Europe/Vaduz,68d9155bf7ca44cb3a6ac094f00ae1b1
275,1738103019,1,7200,cest,Europe/Vatican,"03587e40dec0df85e8aa3e7686ae9742"
276,1738103019,1,7200,cest,Europe/Vienna,96959f9409b9a6484ae020a7ab70ed8a
277,1738103019,1,7200,cest,Europe/Vilnius,"0cfe71efc317bc980edb905a2037ecb0"
278,1738103019,1,7200,cest,Europe/Warsaw,c7535e5f195309ac163854835d24a6c0
279,1738103019,1,7200,cest,Europe/Zagreb,8e84d03890bca0d0d0443bdc9031f897
280,1738103019,1,7200,cest,Europe/Zaporozhye,b5e88e56ab91ccece2f281d144175ec6
281,1738103019,1,7200,cest,Europe/Zurich,d0edfe708368370a378d8ab3e18eeed9
282,1738103019,"0",3600,cet,Europe/Berlin,b6466b53c3c19901b0451219784dff83
283,1738103019,"0",7200,cet,Europe/Kaliningrad,bc103fe59c585eec7ab0992d18635afd
284,1738103019,"0",3600,cet,Africa/Algiers,"063a1544cf593bd0e72f9cebcaa2ef5d"
285,1738103019,"0",3600,cet,Africa/Ceuta,24790d9d55156f03c52bad4261af1f99
286,1738103019,"0",3600,cet,Africa/Tripoli,21f7ebf9f6b06b20445943238ef0c405
287,1738103019,"0",3600,cet,Africa/Tunis,"0cf754e4e50b8f46ebe106630b035df6"
288,1738103019,"0",3600,cet,Arctic/Longyearbyen,d0057507f562dedaab1741424f08bf4e
289,1738103019,"0",3600,cet,Atlantic/Jan_Mayen,41f152c9f0fbd779287c1933c02830fd
290,1738103019,"0",3600,cet,Europe/Amsterdam,2fdf462f5ad60a1652ebd35c7ab68fa4
291,1738103019,"0",3600,cet,Europe/Andorra,f3bb5147dc5298b6c77417bd753f17f6
292,1738103019,"0",3600,cet,Europe/Athens,847fb4691beaa872e622a954b0a974b5
293,1738103019,"0",3600,cet,Europe/Belgrade,1c9daca4658e2cf175c17a9caf77a1c2
294,1738103019,"0",3600,cet,Europe/Bratislava,d9290fb27dde3ce601a608328ab1aef1
295,1738103019,"0",3600,cet,Europe/Brussels,9d947909786c84cbb5c9e71250f02050
296,1738103019,"0",3600,cet,Europe/Budapest,b87cb6c1a857dc12edf38930d8efaa67
297,1738103019,"0",3600,cet,Europe/Busingen,7cfefce6c58cb6851fa30a19066b0765
298,1738103019,"0",3600,cet,Europe/Chisinau,f5dc34c60bd55c6c1fb4ff08212c0470
299,1738103019,"0",3600,cet,Europe/Copenhagen,6ec32c1b3907084eca798c6b156c6a42
300,1738103019,"0",3600,cet,Europe/Gibraltar,e7e577d482860e861b73f27ead56cd5c
301,1738103019,"0",3600,cet,Europe/Kiev,f48ea887bee777c26d4b3720b3e20ebc
302,1738103019,"0",3600,cet,Europe/Lisbon,786a9384c008e244157727f0ee8f96a9
303,1738103019,"0",3600,cet,Europe/Ljubljana,b15c7312d5f8f939b64479992ff591dd
304,1738103019,"0",3600,cet,Europe/Luxembourg,c87d759591c5e9f0ad33c2c19f529544
305,1738103019,"0",3600,cet,Europe/Madrid,8210c4dea346aeccb338b58f9ed7f29c
306,1738103019,"0",3600,cet,Europe/Malta,80dc77c388d8cf469ccdbf8c282633d4
307,1738103019,"0",3600,cet,Europe/Minsk,9cc392ff9f935d30812ebd05782687b6
308,1738103019,"0",3600,cet,Europe/Monaco,14410e4d85b6d6853ac22506397fd1c2
309,1738103019,"0",3600,cet,Europe/Oslo,"0444e1872afb6082b5f61305b5f767f1"
310,1738103019,"0",3600,cet,Europe/Paris,2e0e746f6a1dfc2e9774f82cf9b68748
311,1738103019,"0",3600,cet,Europe/Podgorica,69d660612f6dc0995e8913e81004de4c
312,1738103019,"0",3600,cet,Europe/Prague,953ab0bedf5dd6280f3078340a7c31f1
313,1738103019,"0",3600,cet,Europe/Riga,fa3c4a802d9b7206dd8944c2efe78dce
314,1738103019,"0",3600,cet,Europe/Rome,f88425ab6766c49636137d9abc4b23e2
315,1738103019,"0",3600,cet,Europe/San_Marino,72f8b54e07275221858a9d475733ae52
316,1738103019,"0",3600,cet,Europe/Sarajevo,3809023202c85b55694d4e7ca81c00ae
317,1738103019,"0",3600,cet,Europe/Simferopol,4168f246cbb2f263ab06e8e24405c87d
318,1738103019,"0",3600,cet,Europe/Skopje,650dd0b2cca9d867881fa8c575278675
319,1738103019,"0",3600,cet,Europe/Sofia,4ea53f8590b28443efe91ef1ef1380c1
320,1738103019,"0",3600,cet,Europe/Stockholm,e685c670dc0c93245ee0baff56162694
321,1738103019,"0",3600,cet,Europe/Tallinn,75181b6696ef9f37e9f691920a489ffa
322,1738103019,"0",3600,cet,Europe/Tirane,5639d1f41fafab033a9c0360afc5928d
323,1738103019,"0",3600,cet,Europe/Tiraspol,"0c0036c1dc2d43ab1579739fe2cfab10"
324,1738103019,"0",3600,cet,Europe/Uzhgorod,6c27676a669fe695bd1cde8fc643356b
325,1738103019,"0",3600,cet,Europe/Vaduz,fdbfcb9a74bd6dc23a158d5b102a7ec8
326,1738103019,"0",3600,cet,Europe/Vatican,f4389e99fde59d7d9f9c44eeca02067d
327,1738103019,"0",3600,cet,Europe/Vienna,1d3d729ab1ca534c45889d671b868790
328,1738103019,"0",3600,cet,Europe/Vilnius,5683ef1c1f03c258f997b5008b23af3c
329,1738103019,"0",3600,cet,Europe/Warsaw,d82cbe04be2d22ccb4bdee82012d7d92
330,1738103019,"0",3600,cet,Europe/Zagreb,ffc34d69e967c9ec30bdc236e5d7f2e5
331,1738103019,"0",3600,cet,Europe/Zaporozhye,2919eb1aa39cd5d51014ededca5d22cf
332,1738103019,"0",3600,cet,Europe/Zurich,79abe107c333e4919a6aa7787ab1eb17
333,1738103019,"0",-15408,cmt,America/Argentina/Buenos_Aires,cc6e81a1fd9979edbaea6fefed086123
334,1738103019,"0",-15408,cmt,America/Argentina/Catamarca,803049d407ff9bd248ffe096c9024543
335,1738103019,"0",-15408,cmt,America/Argentina/ComodRivadavia,b701f4019deebb3b03301256722fc272
336,1738103019,"0",-15408,cmt,America/Argentina/Cordoba,"058dc4a309e9346c33d1af2a819b9685"
337,1738103019,"0",-15408,cmt,America/Argentina/Jujuy,72623f32e11302cdbad5c6935beb8def
338,1738103019,"0",-15408,cmt,America/Argentina/La_Rioja,339cff0c921ee54e529364b54ff57663
339,1738103019,"0",-15408,cmt,America/Argentina/Mendoza,8dff147fe9519b699cea4e69c6cb6f3a
340,1738103019,"0",-15408,cmt,America/Argentina/Rio_Gallegos,1d425a5b571f9a7a4cb817fc12028710
341,1738103019,"0",-15408,cmt,America/Argentina/Salta,e6b2e4b3d4e1628e3d768c1af02c94e0
342,1738103019,"0",-15408,cmt,America/Argentina/San_Juan,37d99a0fc1a2425ffe58bdad99ae39d6
343,1738103019,"0",-15408,cmt,America/Argentina/San_Luis,a589ffc0442f53d945e1e7efa60512a9
344,1738103019,"0",-15408,cmt,America/Argentina/Tucuman,a925095e9ba9b58732e51df3b380c791
345,1738103019,"0",-15408,cmt,America/Argentina/Ushuaia,6e6e827871fa6e2f946cd8e540872817
346,1738103019,"0",-15408,cmt,America/Buenos_Aires,36578bed58495dc99f2a7e51a079c2b3
347,1738103019,"0",-15408,cmt,America/Catamarca,f515aace3aa35ddc611004ac30860b35
348,1738103019,"0",-15408,cmt,America/Cordoba,160c62cda23e8a62648d4919c58ca233
349,1738103019,"0",-15408,cmt,America/Jujuy,55336c1f47c57bfb45b5e6100da18a26
350,1738103019,"0",-15408,cmt,America/Mendoza,707deb5332c0df7b50bc9e2d284276d9
351,1738103019,"0",-15408,cmt,America/Rosario,16ec1057104f08269d69add1691fcd18
352,1738103019,"0",-16060,cmt,America/Caracas,90634ea601cdfd81b80bd70a10db7777
353,1738103019,"0",-16356,cmt,America/La_Paz,"09c9563bd56e2a7af91e09d668c3410b"
354,1738103019,"0",-19176,cmt,America/Cayman,4c1d906ac7bce9cf084ea6f7bd1d6613
355,1738103019,"0",-19176,cmt,America/Panama,7a99ec21f3ea3557667dd20afe006ea7
356,1738103019,"0",6900,cmt,Europe/Chisinau,853bb833fdcba9ad8b7ff625ded2a33e
357,1738103019,"0",6900,cmt,Europe/Tiraspol,9cea28c0a565ff0515f6399536f2570f
358,1738103019,1,-18000,cpt,America/Chicago,a4ce7bd5bed9aacd1e3961932ec63405
359,1738103019,1,-18000,cpt,America/Atikokan,d4de23b928f845ba0cdd7582dfaee3ad
360,1738103019,1,-18000,cpt,America/Coral_Harbour,91a529ca7961836325c51f76cd1538c4
361,1738103019,1,-18000,cpt,America/Fort_Wayne,b498e2b1b7b4625e737951aefd5594db
362,1738103019,1,-18000,cpt,America/Indiana/Indianapolis,ce6f51723b1f7e3669ac519e006eac15
363,1738103019,1,-18000,cpt,America/Indiana/Knox,1f2b3d71eb63eaa2aff114a5c56cb092
364,1738103019,1,-18000,cpt,America/Indiana/Marengo,fa4013332420f4ad07b168f2c8aba32f
365,1738103019,1,-18000,cpt,America/Indiana/Petersburg,58e534821444ac3a7e0d32814d84595b
366,1738103019,1,-18000,cpt,America/Indiana/Tell_City,70ab0a9b2896fee73a09b98c175221ab
367,1738103019,1,-18000,cpt,America/Indiana/Vevay,55f1f7032787e9c7e946346d8eb6b406
368,1738103019,1,-18000,cpt,America/Indiana/Vincennes,5627de41232ac8cd8b4d8f3979ce4f80
369,1738103019,1,-18000,cpt,America/Indiana/Winamac,7381d332dfcafe02add14251940998d2
370,1738103019,1,-18000,cpt,America/Indianapolis,6127445e42d8d07051c6c8316ec94c38
371,1738103019,1,-18000,cpt,America/Kentucky/Louisville,ef9401e50dfa5d4cc654c6416d835d57
372,1738103019,1,-18000,cpt,America/Kentucky/Monticello,a4e32d4588b5c4c08a21389cdcdd16b1
373,1738103019,1,-18000,cpt,America/Knox_IN,453d52190afbb88de0bbe8342e42b9a7
374,1738103019,1,-18000,cpt,America/Louisville,d9d99b920e6ebe570caf366dda847fef
375,1738103019,1,-18000,cpt,America/Menominee,73fcfcbd099201fc36f3a1b2417ca43f
376,1738103019,1,-18000,cpt,America/Rainy_River,55c255dd2f90b4d5fe4741623a71e7ae
377,1738103019,1,-18000,cpt,America/Winnipeg,21d50863fd66497ebaa0635ea1250c01
378,1738103019,1,-18000,cpt,Canada/Central,e5ebc95ff8c90749560d3dbabe5ed9d3
379,1738103019,"0",-21600,cst,America/Chicago,"0c19f8c2daa56227990fb6065b7f141e"
380,1738103019,"0",-18000,cst,America/Havana,cca7dd2bee553d8750acb1174eddd6ce
381,1738103019,"0",-21600,cst,America/Atikokan,3f45256d72430677f09818d21c1a78f1
382,1738103019,"0",-21600,cst,America/Bahia_Banderas,d19c30cb2c9a21dc995fadbffd21f2da
383,1738103019,"0",-21600,cst,America/Belize,"043d168f7fec03653fff8ea87d3e6880"
384,1738103019,"0",-21600,cst,America/Cambridge_Bay,6c8931db6bdcfcc78f4bae996811f7bb
385,1738103019,"0",-21600,cst,America/Cancun,"03b4e0d7d714fb058d34e4f0f7147406"
386,1738103019,"0",-21600,cst,America/Chihuahua,f8d247085e73e72e4c686fd40c41188e
387,1738103019,"0",-21600,cst,America/Coral_Harbour,860809b33aa24bd38edfb6f0664d4f9b
388,1738103019,"0",-21600,cst,America/Costa_Rica,5828b9e669178a0373f54954b552948b
389,1738103019,"0",-21600,cst,America/Detroit,846c89a8c86c475488424560226ef1ce
390,1738103019,"0",-21600,cst,America/El_Salvador,"007154a77f9e89dc57a454dafa5d8a40"
391,1738103019,"0",-21600,cst,America/Fort_Wayne,702eef7ed243f8dba147f8765c470470
392,1738103019,"0",-21600,cst,America/Guatemala,62bb6bf79e61de3794e819c4a70a3218
393,1738103019,"0",-21600,cst,America/Hermosillo,"020a2c8658ca99a9a531cd173360f22d"
394,1738103019,"0",-21600,cst,America/Indiana/Indianapolis,426cef27cdda8483cc8f3c972393cf00
395,1738103019,"0",-21600,cst,America/Indiana/Knox,f4bd27724f22db92c2fb3eee969e28b0
396,1738103019,"0",-21600,cst,America/Indiana/Marengo,e248a2aefd3d7d10fab75c5c6be28495
397,1738103019,"0",-21600,cst,America/Indiana/Petersburg,a5256778d0e7e024604d30beb9bc3793
398,1738103019,"0",-21600,cst,America/Indiana/Tell_City,7c66cae861b5dd6a6b9d460bf926781b
399,1738103019,"0",-21600,cst,America/Indiana/Vevay,6cb286acff5f4733c2a6dc187d2e307a
400,1738103019,"0",-21600,cst,America/Indiana/Vincennes,"0ec43c6371ce63bac65627a17c12e39e"
401,1738103019,"0",-21600,cst,America/Indiana/Winamac,38811f7539f24b59aa92944c45e3dc0c
402,1738103019,"0",-21600,cst,America/Indianapolis,507c4881a923db54f492b632ae06bb70
403,1738103019,"0",-21600,cst,America/Iqaluit,d820ee10f10d90a4f615e3744fc7d2ec
404,1738103019,"0",-21600,cst,America/Kentucky/Louisville,3afa13618d3640f43a7d5705bf4af57f
405,1738103019,"0",-21600,cst,America/Kentucky/Monticello,14f99b0af0a74b66b294d0c9fe3e865f
406,1738103019,"0",-21600,cst,America/Knox_IN,390e27e24d3968f04f9bb3f76ea45869
407,1738103019,"0",-21600,cst,America/Louisville,b355db198bdefe448aa6f59c2f9d1676
408,1738103019,"0",-21600,cst,America/Managua,29c9b091dbaa6e55892157e0340d11c8
409,1738103019,"0",-21600,cst,America/Matamoros,340fd24d05eccba3d8f10a11af69493f
410,1738103019,"0",-21600,cst,America/Mazatlan,d2aece74846b821679397ad0137a6d88
411,1738103019,"0",-21600,cst,America/Menominee,9f88dc78708ca17921115de03ab15262
412,1738103019,"0",-21600,cst,America/Merida,1fae578f3d3df848a9cc92a38cdadad5
413,1738103019,"0",-21600,cst,America/Mexico_City,cc6bad78d4f20de6ef4ab1ea8c4eb927
414,1738103019,"0",-21600,cst,America/Monterrey,8d9c64a24cd51399f5f998593c75694a
415,1738103019,"0",-21600,cst,America/North_Dakota/Beulah,4240d02c3a2e0fa8774f2746cadd658f
416,1738103019,"0",-21600,cst,America/North_Dakota/Center,54b10a4991481d82ca1c84e3603b2a15
417,1738103019,"0",-21600,cst,America/North_Dakota/New_Salem,e73af0cf8679045dd5881647fa5aa6e1
418,1738103019,"0",-21600,cst,America/Ojinaga,e0520f6dbd9bcefdfff5659de7a0b091
419,1738103019,"0",-21600,cst,America/Pangnirtung,6a62fcdf84778257e2b84827bf55bf62
420,1738103019,"0",-21600,cst,America/Rainy_River,5df8670f5221bc4887d130bb4cf2706b
421,1738103019,"0",-21600,cst,America/Rankin_Inlet,d00936e26684edb82cac88406fce89e5
422,1738103019,"0",-21600,cst,America/Regina,ba2696f7b2bccff7451bd4cd0c6d7474
423,1738103019,"0",-21600,cst,America/Resolute,d25821f77a1a67802366f7c7e3b35c78
424,1738103019,"0",-21600,cst,America/Swift_Current,96bfe1300596096de7a573e88f45a265
425,1738103019,"0",-21600,cst,America/Tegucigalpa,e939c5ff26c208734077217c5200420b
426,1738103019,"0",-21600,cst,America/Thunder_Bay,2e28df84b5ce665377de083e4943d2f9
427,1738103019,"0",-21600,cst,America/Winnipeg,"0a1fc4ae23822a423ebe81c8fd35cdff"
428,1738103019,"0",-21600,cst,Canada/Central,b7cdb339caecfebe6e43fd74f19ce092
429,1738103019,"0",-21600,cst,Canada/Saskatchewan,69c7ad0ca19fec082fe449c66d4dc10e
430,1738103019,"0",-21600,cst,Mexico/BajaSur,715ff6f1cb5b432bba6ff79e31905bfe
431,1738103019,"0",-21600,cst,Mexico/General,71cd6710d460f98815f397e4763bcb8b
432,1738103019,"0",28800,cst,Asia/Chongqing,86d2d47b8190e12ec4ca768c2f5f0660
433,1738103019,"0",28800,cst,Asia/Chungking,b18fd38e0f56cc6c3927b2f0fbffde26
434,1738103019,"0",28800,cst,Asia/Harbin,2ff1edada0a93e530590306031bf5d57
435,1738103019,"0",28800,cst,Asia/Macao,dc1c44aee3ded586d2c6fc7ba77322f6
436,1738103019,"0",28800,cst,Asia/Macau,bc1ec87b96be9c4b2ccf4f6e3f151bfd
437,1738103019,"0",28800,cst,Asia/Shanghai,2876f59ffc6056e82c5ffcf1c6906306
438,1738103019,"0",28800,cst,Asia/Taipei,3a90f25c50596c13944c0c31af94e123
439,1738103019,"0",28800,cst,PRC,31d937fb914be816725b764546eefd6b
440,1738103019,"0",28800,cst,ROC,d5f9b1222fc09e6266fe569ef0a4dd7a
441,1738103019,1,-18000,cwt,America/Chicago,8b2edcafa3561693a6a0872356e0aab0
442,1738103019,1,-18000,cwt,America/Atikokan,4b87e0ba87e53d3ece5897d862833caa
443,1738103019,1,-18000,cwt,America/Coral_Harbour,8deebb9c7f530c56a8cdd5706f818b79
444,1738103019,1,-18000,cwt,America/Fort_Wayne,6e6e89324fcc12ebf7f0d3ffb6efbb96
445,1738103019,1,-18000,cwt,America/Indiana/Indianapolis,"0aa9338028d391b0f59a4e48f10fce9b"
446,1738103019,1,-18000,cwt,America/Indiana/Knox,6a0fc8367a31fcd74913fecb451b4fde
447,1738103019,1,-18000,cwt,America/Indiana/Marengo,9784c52477f15688b6aeff6a14b015cb
448,1738103019,1,-18000,cwt,America/Indiana/Petersburg,def0ac9acf9cf29d282eeef0e41615a8
449,1738103019,1,-18000,cwt,America/Indiana/Tell_City,ef89f5da13be983e520d290f5ceb8aa5
450,1738103019,1,-18000,cwt,America/Indiana/Vevay,e5a485d7cccceb8861a63859c4deec7a
451,1738103019,1,-18000,cwt,America/Indiana/Vincennes,"05e2369a1b015359ae2b2d22b839a45c"
452,1738103019,1,-18000,cwt,America/Indiana/Winamac,1487a1272379caad5cd9c22c9d92711e
453,1738103019,1,-18000,cwt,America/Indianapolis,e2cdfc7d73fa2574efce2fc872fe9c9c
454,1738103019,1,-18000,cwt,America/Kentucky/Louisville,f7128a96690b527ff180f7a43fefe9ce
455,1738103019,1,-18000,cwt,America/Kentucky/Monticello,4707a269bf33963a960aa884539b9de0
456,1738103019,1,-18000,cwt,America/Knox_IN,f61c587d898252fd97d4c31ddcd30340
457,1738103019,1,-18000,cwt,America/Louisville,18e251d01f4e4eba5b6b8c43da6c439b
458,1738103019,1,-18000,cwt,America/Menominee,"016c5eb00cbbe4151c35232959655750"
459,1738103019,1,-18000,cwt,America/Mexico_City,8fbe07ee23981210ec36a475c44e8194
460,1738103019,1,-18000,cwt,America/Rainy_River,2637aafd5005af90c054d2a77ab5f0e1
461,1738103019,1,-18000,cwt,America/Winnipeg,a27925f07033ee0bd7cd08da34103356
462,1738103019,1,-18000,cwt,Canada/Central,203aff4f4ab748f5a88dc551c889e051
463,1738103019,1,-18000,cwt,Mexico/General,cf285bb0f9210eeb2ac36d7f00048867
464,1738103019,"0",36000,chst,Pacific/Guam,bdcd0421555dd613987a532268a254cb
465,1738103019,"0",36000,chst,Pacific/Saipan,1c65e552617dd4e78ace4e0b9bae913b
466,1738103019,"0",-1521,dmt,Europe/Dublin,5a43b3ec039154d53870b3edac6bc7ef
467,1738103019,"0",10800,eat,Africa/Khartoum,5666ae0e513005d9ac05a5315fc64fef
468,1738103019,"0",10800,eat,Africa/Addis_Ababa,"0a98964b80d3d7b2a4bd4fb7a8344629"
469,1738103019,"0",10800,eat,Africa/Asmara,3557d508ee39705c2ffc32da4c74b255
470,1738103019,"0",10800,eat,Africa/Asmera,f1e8453985a77d4ecb1a471878dd9598
471,1738103019,"0",10800,eat,Africa/Dar_es_Salaam,f7dca1d0475aeeb9db776eb746f21b93
472,1738103019,"0",10800,eat,Africa/Djibouti,d5f022e537a9069e9dda28c4742502fc
473,1738103019,"0",10800,eat,Africa/Juba,8e5877c50c14146b6036c847e9350767
474,1738103019,"0",10800,eat,Africa/Kampala,41c3056f7791ca7107248f648a03ac4c
475,1738103019,"0",10800,eat,Africa/Mogadishu,88405c5f9c778e379c8d20423b48ab29
476,1738103019,"0",10800,eat,Africa/Nairobi,305f33a0f53a553953b38cf2386a0c7a
477,1738103019,"0",10800,eat,Indian/Antananarivo,ee5723bb83936e1c716997710fda1caa
478,1738103019,"0",10800,eat,Indian/Comoro,5fec694783ad797f6be5b86e38742e80
479,1738103019,"0",10800,eat,Indian/Mayotte,fd8ea48996092109b144d8165eac6414
480,1738103019,1,-10800,eddt,America/Iqaluit,abde579b2612b3ae95c7956221ad0446
481,1738103019,1,-14400,edt,America/New_York,c5cc5449fca9b242f5ca74430c4745a7
482,1738103019,1,-14400,edt,America/Cancun,2f8804c2aa91d546f5e6405d941498ab
483,1738103019,1,-14400,edt,America/Detroit,6ce7bf16c33667772184ba1e446bc8f7
484,1738103019,1,-14400,edt,America/Fort_Wayne,2f68a21226e27e677ed993d4c4cb6e91
485,1738103019,1,-14400,edt,America/Grand_Turk,9ca689178f567b04b3685378afb2085a
486,1738103019,1,-14400,edt,America/Indiana/Indianapolis,ba437fd9701f4e554ced1642dc625d85
487,1738103019,1,-14400,edt,America/Indiana/Marengo,882f97b291d9915f7fb1ea2a5cb3ac29
488,1738103019,1,-14400,edt,America/Indiana/Petersburg,4e5be0ae0fc4f7c731ac4dbdc9a86633
489,1738103019,1,-14400,edt,America/Indiana/Tell_City,fc93e9b6876d51db303e33fb31950334
490,1738103019,1,-14400,edt,America/Indiana/Vevay,e644f4a25772350129ee59f6845c690f
491,1738103019,1,-14400,edt,America/Indiana/Vincennes,cb2f7f3f420f05a68b43c6b3bf8fd204
492,1738103019,1,-14400,edt,America/Indiana/Winamac,59913777ae6c9c395ab03fa189e6f2d6
493,1738103019,1,-14400,edt,America/Indianapolis,7d77fde8f9403104f754c9361240941e
494,1738103019,1,-14400,edt,America/Iqaluit,7400c3ddfc038abb2e1292aeaaffc48c
495,1738103019,1,-14400,edt,America/Jamaica,22e8378ca108aca260e2cc20f6dff1c7
496,1738103019,1,-14400,edt,America/Kentucky/Louisville,67a85b0260af729edcc5ee8ccde40095
497,1738103019,1,-14400,edt,America/Kentucky/Monticello,c8eb3bec6b69fd7a2cf1dd4290a45268
498,1738103019,1,-14400,edt,America/Louisville,a71470caf93895de2488d8b96731d9f6
499,1738103019,1,-14400,edt,America/Montreal,94b31c3c7eec5158a1651674a41ec171
500,1738103019,1,-14400,edt,America/Nassau,646568b38b0c5768c53187cc8a9046c4
501,1738103019,1,-14400,edt,America/Nipigon,88b0a1e8a2db81a6e979ecdd942e8c13
502,1738103019,1,-14400,edt,America/Pangnirtung,4625e2e6566765edab6706c038cec939
503,1738103019,1,-14400,edt,America/Port-au-Prince,3ff8fa28bc976139954405c26cd8db16
504,1738103019,1,-14400,edt,America/Santo_Domingo,8727ef489e013a7e879d1a90476e3b00
505,1738103019,1,-14400,edt,America/Thunder_Bay,d4e72b5c4f4afcff8c3878d292ec8d3a
506,1738103019,1,-14400,edt,America/Toronto,580dbe5f90c226af9e06132d18d7dc90
507,1738103019,1,-14400,edt,Canada/Eastern,d37934a637b9260a081acca9bc882e2a
508,1738103019,1,10800,eest,Europe/Helsinki,2499d7a43effd780ff0ba3a775c4aa4e
509,1738103019,1,10800,eest,Africa/Cairo,8545e3e6839dda293088566e3ed340d2
510,1738103019,1,10800,eest,Asia/Amman,8bcd56b829faf5c3033bd2e3b80aad30
511,1738103019,1,10800,eest,Asia/Beirut,e386d4d0738703f13c619d57cac1d16b
512,1738103019,1,10800,eest,Asia/Damascus,51d65fa533af33521de87247c8875a6d
513,1738103019,1,10800,eest,Asia/Famagusta,2a3ab16e09423bd476f46a4097f416a6
514,1738103019,1,10800,eest,Asia/Gaza,9ea4443af337fe80967dfc8258dcb9bb
515,1738103019,1,10800,eest,Asia/Hebron,ffe1cf82befd710e9ab4bbc8576359b3
516,1738103019,1,10800,eest,Asia/Istanbul,f5281d1fe4e8e32731bbeef77fb82dc9
517,1738103019,1,10800,eest,Asia/Nicosia,1d22c9eedb3b96dd99682be84784032f
518,1738103019,1,10800,eest,Europe/Athens,97bc12ee93cfc9207a0665c61b63b2b8
519,1738103019,1,10800,eest,Europe/Bucharest,d007328f7c5ed43a01fa31688e0df215
520,1738103019,1,10800,eest,Europe/Chisinau,9db622cdbe9ec0dc8d0b8b3d1ad9b6d6
521,1738103019,1,10800,eest,Europe/Istanbul,2d9dbba536a4920c767c80bdddc6c0da
522,1738103019,1,10800,eest,Europe/Kaliningrad,1135463fe26dae7445f2222793577ae0
523,1738103019,1,10800,eest,Europe/Kiev,5d4dd593a10558dcb20fb8dd5611b555
524,1738103019,1,10800,eest,Europe/Mariehamn,"0c35b63adbd0052f76220eaff9dba919"
525,1738103019,1,10800,eest,Europe/Minsk,3a80091a9624cdc69bf063701d935f53
526,1738103019,1,10800,eest,Europe/Moscow,d9bb143edf8e4eb36da0d7c40785971c
527,1738103019,1,10800,eest,Europe/Nicosia,8f70f6e96c9a1433cbbdd4ad7ff2bd16
528,1738103019,1,10800,eest,Europe/Riga,c3e57a143b18f7dd3301fcf29e4993e3
529,1738103019,1,10800,eest,Europe/Simferopol,cee0f884f9ea914848f8892b13184860
530,1738103019,1,10800,eest,Europe/Sofia,6e05166abf51fb02d06eefcd5193df57
531,1738103019,1,10800,eest,Europe/Tallinn,effad48c654cdc2f7d6a86e23458f50c
532,1738103019,1,10800,eest,Europe/Tiraspol,c6f8914db2a960d0770c78a855b1ccf6
533,1738103019,1,10800,eest,Europe/Uzhgorod,80584f1c910da0f60012eef7213bf96c
534,1738103019,1,10800,eest,Europe/Vilnius,3b34eb8209f11ecedd79a745ad31db41
535,1738103019,1,10800,eest,Europe/Warsaw,c124b868d1e6b1af9f3dbfe95c6afa52
536,1738103019,1,10800,eest,Europe/Zaporozhye,2fd256266b283a19d035825e6bfc8e22
537,1738103019,"0",7200,eet,Europe/Helsinki,4412ec717016118e1e6c207b557e0ea7
538,1738103020,"0",7200,eet,Africa/Cairo,981dcff35d5c3645ec61bbde9eed3461
539,1738103020,"0",7200,eet,Africa/Tripoli,cc2f442e32f0dd304823ce8e23b7f5f2
540,1738103020,"0",7200,eet,Asia/Amman,"0e904cc8d9983d4a7fd9056fe077ec8f"
541,1738103020,"0",7200,eet,Asia/Beirut,dd6674e9bec034491ac43da4144e5389
542,1738103020,"0",7200,eet,Asia/Damascus,25cfe2a92d7c805d5ed0dcd4e53471cb
543,1738103020,"0",7200,eet,Asia/Famagusta,3c29782986e8855dc26236a9c05da887
544,1738103020,"0",7200,eet,Asia/Gaza,37e797a50f2c0faeef2c97617a8feb78
545,1738103020,"0",7200,eet,Asia/Hebron,2a63426a5e8eb93e1509b0a6f5eaff86
546,1738103020,"0",7200,eet,Asia/Istanbul,6d5fd3b8550421a813b60b4b6926d217
547,1738103020,"0",7200,eet,Asia/Nicosia,9cd82bacf47afb2215e36b0632bee5cd
548,1738103020,"0",7200,eet,Europe/Athens,ceab7409ab7003b30a2e1e81c2df39bd
549,1738103020,"0",7200,eet,Europe/Bucharest,6db3e24cca6aedb562bf0ea1fbb61247
550,1738103020,"0",7200,eet,Europe/Chisinau,1cce3bb567ce0c4b7451a33543435063
551,1738103020,"0",7200,eet,Europe/Istanbul,1a8f9a702859667d1bda40e1b638051a
552,1738103020,"0",7200,eet,Europe/Kaliningrad,99b7b39f3dd555346ed066263f32661b
553,1738103020,"0",7200,eet,Europe/Kiev,a4439d72655dd82b81b7d4cde2facf8d
554,1738103020,"0",7200,eet,Europe/Mariehamn,74f5a5c995f790521ae8e2e640100361
555,1738103020,"0",7200,eet,Europe/Minsk,e1c91f8a04f7868fdb01d88ee297fe5f
556,1738103020,"0",7200,eet,Europe/Moscow,3bbf2964ac1a64843823fc59c212cb51
557,1738103020,"0",7200,eet,Europe/Nicosia,e63afbee7987aa2f23b82611a0db75e2
558,1738103020,"0",7200,eet,Europe/Riga,9267c7fcc8b1d202fde81ff20048aa87
559,1738103020,"0",7200,eet,Europe/Simferopol,8ebfd4bd47a0221e2b8a30dd60c29a7d
560,1738103020,"0",7200,eet,Europe/Sofia,df003ef32f743203176da28aca6e2db6
561,1738103020,"0",7200,eet,Europe/Tallinn,d051bfc2c17aaf090f528a830459a7dd
562,1738103020,"0",7200,eet,Europe/Tiraspol,91ab5b2967d03a98dfebe7832cedcc18
563,1738103020,"0",7200,eet,Europe/Uzhgorod,ae788f52654f7292738ab07b5424d8a2
564,1738103020,"0",7200,eet,Europe/Vilnius,e21956827cd4b412cf7997911a1ac03e
565,1738103020,"0",7200,eet,Europe/Warsaw,45405025f83818cdbb0a7a986fcf6cd2
566,1738103020,"0",7200,eet,Europe/Zaporozhye,ae6013b99f2ca870096535c65001dbe8
567,1738103020,"0",-26248,emt,Chile/EasterIsland,38fe74cf145df00801f3732e64a5d117
568,1738103020,"0",-26248,emt,Pacific/Easter,62844e99095d8500fc6128eebeed7684
569,1738103020,1,-14400,ept,America/New_York,fb2e98e4b696a8218ee6d38d7049970d
570,1738103020,1,-14400,ept,America/Detroit,8cc367b9569b052977f05dc8900a6cd5
571,1738103020,1,-14400,ept,America/Iqaluit,7f4a56d703033784b15a6e0f9715d6b7
572,1738103020,1,-14400,ept,America/Montreal,6f0968df36fc7e342dd9baf85875b0c0
573,1738103020,1,-14400,ept,America/Nipigon,115d52bbe567cc8255f478856dd3bf80
574,1738103020,1,-14400,ept,America/Thunder_Bay,c2760b977cc82c593e73e36688d98729
575,1738103020,1,-14400,ept,America/Toronto,c33037e48a24ab4a6bd5d72542ea5897
576,1738103020,1,-14400,ept,Canada/Eastern,ae130231b86e947d1e0f4c9aeb39b323
577,1738103020,"0",-18000,est,America/New_York,5cf61b1a1f36f6d6838f0be94e687a7b
578,1738103020,"0",-18000,est,America/Atikokan,188497246fd1e54586ece376f4ffc73d
579,1738103020,"0",-18000,est,America/Cambridge_Bay,448ec32d77f650683da174cf4eda689e
580,1738103020,"0",-18000,est,America/Cancun,142f64549895a32f4b7c6b644bed9a3b
581,1738103020,"0",-18000,est,America/Cayman,790d7ec9f6da47ca5026ff798a1fc2c6
582,1738103020,"0",-18000,est,America/Chicago,877be112af68aab16f20a3bbfb42614d
583,1738103020,"0",-18000,est,America/Coral_Harbour,581b0012b3e11ac3f40a3f253470b5f6
584,1738103020,"0",-18000,est,America/Detroit,4e91f39e3e23c4ea3b24406d8a859f6f
585,1738103020,"0",-18000,est,America/Fort_Wayne,2ac07150898be56a6ba3402822161c19
586,1738103020,"0",-18000,est,America/Grand_Turk,d8f7af6a9ff5b876700b875f9da1961b
587,1738103020,"0",-18000,est,America/Indiana/Indianapolis,c0e29f962508fa3d1a834384e0247e1f
588,1738103020,"0",-18000,est,America/Indiana/Knox,44456bc14f9f6f847e4e26966f9dc0d8
589,1738103020,"0",-18000,est,America/Indiana/Marengo,f8481973c2a2c35b4bc1dbce8e405ee5
590,1738103020,"0",-18000,est,America/Indiana/Petersburg,44616a068766b7b448985365baaabc7e
591,1738103020,"0",-18000,est,America/Indiana/Tell_City,98f64151181dc58b7b2856bb7f9411c5
592,1738103020,"0",-18000,est,America/Indiana/Vevay,3c65e9d0c1abe927f4192aff08a3a9c4
593,1738103020,"0",-18000,est,America/Indiana/Vincennes,6f06eb2af116b2ef4fe5b5355bb96e2c
594,1738103020,"0",-18000,est,America/Indiana/Winamac,435fa43aec38c52d91249e913e3a288f
595,1738103020,"0",-18000,est,America/Indianapolis,1730eda335cc1db4e3d49ed42830ca36
596,1738103020,"0",-18000,est,America/Iqaluit,5e0b0664f2d8f35f36d4831a1012f1b3
597,1738103020,"0",-18000,est,America/Jamaica,54e9265a4ef51af3dc7adebd003b53ef
598,1738103020,"0",-18000,est,America/Kentucky/Louisville,93aab06c31594d20c05baa9e89d3d4b5
599,1738103020,"0",-18000,est,America/Kentucky/Monticello,c32d74482fef15064e915cbf5b2b3d37
600,1738103020,"0",-18000,est,America/Knox_IN,dbff56711176a60e687cbbaae27c7af6
601,1738103020,"0",-18000,est,America/Louisville,41e0a74d63c9f910219971a45c571f91
602,1738103020,"0",-18000,est,America/Managua,5087116d7499c015e007476bc94372c0
603,1738103020,"0",-18000,est,America/Menominee,a7bd4803ff41e2cd1ac9dbb247614a94
604,1738103020,"0",-18000,est,America/Merida,93030d0a2fcf485813c68e60c41382db
605,1738103020,"0",-18000,est,America/Moncton,73d5d55b60469b1a440083b19ac8ee44
606,1738103020,"0",-18000,est,America/Montreal,aa25a578de5cf972274ac1d02a9e7739
607,1738103020,"0",-18000,est,America/Nassau,e0076e620b98d7b7cfd352f34061ba3d
608,1738103020,"0",-18000,est,America/Nipigon,1f7ccb7f304377d9f059e8118503dbd5
609,1738103020,"0",-18000,est,America/Panama,8badc1de0ae8e634f16744807d34c836
610,1738103020,"0",-18000,est,America/Pangnirtung,"0eefbfc95d3310fa3919a328ad7fa9d9"
611,1738103020,"0",-18000,est,America/Port-au-Prince,a63b0539c815021158a266482d86ca8b
612,1738103020,"0",-18000,est,America/Rankin_Inlet,66b4460f65e89dd41df6bbfeb76a4a1a
613,1738103020,"0",-18000,est,America/Resolute,b7def759f76a4541d014aa04ba82189e
614,1738103020,"0",-18000,est,America/Santo_Domingo,b3d890b32452e463906403bf6956beeb
615,1738103020,"0",-18000,est,America/Thunder_Bay,3a481087f9dc66923a41e9a5dac80e48
616,1738103020,"0",-18000,est,America/Toronto,9095ffd81de3f61b9d3b003c6fc3cba2
617,1738103020,"0",-18000,est,Canada/Eastern,"0da96df0915cc63cdfd4ad13a7de6542"
618,1738103020,1,-14400,ewt,America/New_York,4007d5671561dd3938939752c0f28ad9
619,1738103020,1,-14400,ewt,America/Detroit,5b731767b1226569c854fd684c16e530
620,1738103020,1,-14400,ewt,America/Iqaluit,49d04ee0f3b6c2bbe153e6215a75f536
621,1738103020,1,-14400,ewt,America/Montreal,e725214890204a0259bf99b0928f0447
622,1738103020,1,-14400,ewt,America/Nipigon,718dc0f2f7eca961913b1a67bc9dcaec
623,1738103020,1,-14400,ewt,America/Thunder_Bay,a8f6ba424b8ea54fa14c290d58134536
624,1738103020,1,-14400,ewt,America/Toronto,eb5e952eacb2b0f04081108e58c906a6
625,1738103020,1,-14400,ewt,Canada/Eastern,969fa361e77933329290b8be10065e2b
626,1738103020,"0",-14660,ffmt,America/Martinique,ad663c90d406890547dfe62af5d80de1
627,1738103020,"0",-4056,fmt,Atlantic/Madeira,cf4815a13795b3c00c27bd29e163f78d
628,1738103020,1,39600,gdt,Pacific/Guam,ea414ae0547c161e28c61c7180a45d2e
629,1738103020,1,39600,gdt,Pacific/Saipan,1eef12b28162de1ca970bd60b9253395
630,1738103020,"0","0",gmt,Africa/Abidjan,8676ab16b8e374eb111a6295b0b9f8f7
631,1738103020,"0","0",gmt,Africa/Accra,2f75aaefb309e45cfa2b8216f61354ad
632,1738103020,"0","0",gmt,Africa/Bamako,6b9f27de4b998c215de8074c2e4244ce
633,1738103020,"0","0",gmt,Africa/Banjul,d800047ef63b4552447a9f08cc5651a5
634,1738103020,"0","0",gmt,Africa/Bissau,666bf1db4f6b1b5fe82da4224f495eff
635,1738103020,"0","0",gmt,Africa/Conakry,56884f9b78ff05bb71c2c23a0eef6470
636,1738103020,"0","0",gmt,Africa/Dakar,ff933909b2535e74907efbb17d99be1d
637,1738103020,"0","0",gmt,Africa/Freetown,e3bf67c9f66641731d289f63ebe52628
638,1738103020,"0","0",gmt,Africa/Lome,7f00907f0192c248b1bae3eff7a167c5
639,1738103020,"0","0",gmt,Africa/Monrovia,fa1fff6a2344b076794a69c3fc98d786
640,1738103020,"0","0",gmt,Africa/Nouakchott,20cf5af9f95902700f292ada4f4c3542
641,1738103020,"0","0",gmt,Africa/Ouagadougou,c8fd3b56c9014b789d9f1830a1252355
642,1738103020,"0","0",gmt,Africa/Sao_Tome,e34046b53dc3e27282f9bcaab9e16dfc
643,1738103020,"0","0",gmt,Africa/Timbuktu,3b15db35d2b4efe981d25714e55a0e6f
644,1738103020,"0","0",gmt,America/Danmarkshavn,7acd80475e3a8d53a3021d8b59b2eeb0
645,1738103020,"0","0",gmt,Atlantic/Reykjavik,2aca6dddc6186f653db0af3caa478926
646,1738103020,"0","0",gmt,Atlantic/St_Helena,5aebba6783ed2bc8e6656e08d5cc9b20
647,1738103020,"0","0",gmt,Etc/GMT,30bc17b8c39a982cf20ea4546bf50697
648,1738103020,"0","0",gmt,Etc/Greenwich,830ef4a40516cd066ceaeb93b15281b2
649,1738103020,"0","0",gmt,Europe/Belfast,d4323a340958272ac298a432b8a2dd73
650,1738103020,"0","0",gmt,Europe/Dublin,c9887a668a46ec6020f31a56c422be7a
651,1738103020,"0","0",gmt,Europe/Gibraltar,de105b4b663cc798921495fd2d94ec9c
652,1738103020,"0","0",gmt,Europe/Guernsey,9e38e1132f39a4d39faf259f77e49c7d
653,1738103020,"0","0",gmt,Europe/Isle_of_Man,7cbbd9af7c11ceb9be4eea0fbc4ed0ed
654,1738103020,"0","0",gmt,Europe/Jersey,1bf223d76e2f22aba8dd499738d9d752
655,1738103020,"0","0",gmt,Europe/London,7dd8968911cf6b03bb00064e56d8c301
656,1738103020,"0","0",gmt,GB,d8b79d56f1af88f54f854b08839c0543
657,1738103020,1,"0",gmt,Europe/Bratislava,dd2bb9e29bf06cc6e7ab2f186c6b3c6a
658,1738103020,1,"0",gmt,Europe/Prague,ef1f77bf7a6910cc70451bad2b1ee331
659,1738103020,"0",36000,gst,Pacific/Guam,7bccbce71877884a82f89450c957c070
660,1738103020,"0",36000,gst,Pacific/Saipan,742e22af1a3265498cae0b30c8bb6550
661,1738103020,1,-34200,hdt,Pacific/Honolulu,443559bff69b7950da9b677d3db154b2
662,1738103020,1,-32400,hdt,America/Adak,e3dd61a2f911f824291df3161a13d063
663,1738103020,1,-32400,hdt,America/Atka,ff7b5c7df572fa664fbf12e074db8aa6
664,1738103020,1,-34200,hdt,Pacific/Johnston,a6d31a84d25511bb54fea6cf3f3ec0d1
665,1738103020,1,32400,hkst,Asia/Hong_Kong,7dab59f7001c295a00f52371863728e7
666,1738103020,"0",28800,hkt,Asia/Hong_Kong,fe718eecf4f16c1f73f843420b830f5c
667,1738103020,"0",-19776,hmt,America/Havana,109b3be14ef7a49431d45f6426b14402
668,1738103020,"0",-6872,hmt,Atlantic/Azores,b91fb61a2990347e826789741385cbed
669,1738103020,"0",21200,hmt,Asia/Dacca,88e0a8a8647caf20129d7a45efec701d
670,1738103020,"0",21200,hmt,Asia/Dhaka,fbf99b48d2bd37dde223d23a0b914aeb
671,1738103020,"0",5989,hmt,Europe/Helsinki,b0bd4c97d4785773f13328d5f48b9e4e
672,1738103020,"0",5989,hmt,Europe/Mariehamn,15fa3949e457d9b805f22d5ac238490a
673,1738103020,1,-34200,hpt,Pacific/Honolulu,efb429bb2f0a1fa55d1480c8c0ba636d
674,1738103020,1,-34200,hpt,Pacific/Johnston,b2741d7576e44966241e07aa5fa5f91e
675,1738103020,"0",-36000,hst,Pacific/Honolulu,bc50a2e2118d72532b5bd3e1acc9d447
676,1738103020,"0",-36000,hst,America/Adak,89d51001aab910539c8d79cc2779cec4
677,1738103020,"0",-36000,hst,America/Atka,699b28566fcd0816d4a2fa54144d38e7
678,1738103020,"0",-36000,hst,Pacific/Johnston,483d69013068b4c6c7e5fb5d2fcbd321
679,1738103020,1,-34200,hwt,Pacific/Honolulu,41678e6490a18596dee962609f2e56b9
680,1738103020,1,-34200,hwt,Pacific/Johnston,baa2b9d1abbfee9c41add68a61e33fe1
681,1738103020,1,14400,iddt,Asia/Jerusalem,2b0c03ba4e51d1d9c4ca15cd6bb107bf
682,1738103020,1,14400,iddt,Asia/Tel_Aviv,72ec6d803287b756a394ca8d969cc264
683,1738103020,1,10800,idt,Asia/Jerusalem,184f1592f300b9e320e3e6c48bfd51ac
684,1738103020,1,10800,idt,Asia/Gaza,7e896adcf62f696d7f478e7322f9b585
685,1738103020,1,10800,idt,Asia/Hebron,cec8e9a39da771ce2157677a4cc6a1e9
686,1738103020,1,10800,idt,Asia/Tel_Aviv,bc67761c9a2e63ac3142f67316d1814c
687,1738103020,"0",25025,imt,Asia/Irkutsk,9992c674a87172526b2d302b2f754549
688,1738103020,"0",7016,imt,Asia/Istanbul,1c5b2e3efdb0da887ce7019e759083b6
689,1738103020,"0",7016,imt,Europe/Istanbul,430a764d758cb4deaa9ffaba2e1ec585
690,1738103020,"0",7200,ist,Asia/Jerusalem,"02da02abb369be90b602fa4775cf3c31"
691,1738103020,"0",19800,ist,Asia/Calcutta,e086e2fa9216ed05f5840149b8163e4f
692,1738103020,"0",19800,ist,Asia/Kolkata,f61d2aa5e7ad9443a49dc5bba0032739
693,1738103020,1,2079,ist,Europe/Dublin,55b2ff51bbb27c11b32332415784cea6
694,1738103020,"0",7200,ist,Asia/Gaza,ab9cbbb6250cbefd5841f2177f1ba1b2
695,1738103020,"0",7200,ist,Asia/Hebron,"031f9d32026c3822db88b6ab9d5181b5"
696,1738103020,"0",7200,ist,Asia/Tel_Aviv,3decf70413540ade369bbb942cb97576
697,1738103020,1,36000,jdt,Asia/Tokyo,1876a406e8b54eae32ad7a145f3ee843
698,1738103020,"0",8440,jmt,Asia/Jerusalem,aaacbe2d1ccd480f96db8cb3715ea516
699,1738103020,"0",8440,jmt,Asia/Tel_Aviv,b5c024979d59e61bc7f256cdf65cc7a0
700,1738103020,"0",32400,jst,Asia/Tokyo,10a50ff641a4e71fcb7dcd25a9d476ec
701,1738103020,"0",32400,jst,Asia/Hong_Kong,d49baa938bcf5166d95b776333550a6b
702,1738103020,"0",32400,jst,Asia/Manila,856eb0a8d86ec64d04963d6f6117d6e3
703,1738103020,"0",32400,jst,Asia/Pyongyang,40b5f2d0755ce62d8c74425c63922506
704,1738103020,"0",32400,jst,Asia/Seoul,ba0f0f70b830e986d08523a724373ace
705,1738103020,"0",32400,jst,Asia/Taipei,2784f668a9ed004942269f4162b6da5e
706,1738103020,"0",32400,jst,ROC,d984bfc762e097c77dde62e9347ddf78
707,1738103020,"0",32400,jst,ROK,c56e7300189c857ab7d9d060b6d67550
708,1738103020,1,36000,kdt,Asia/Seoul,2bd49fa48e64a0df7e712c9f7071dc3b
709,1738103020,1,34200,kdt,ROK,e7f65f22466a4ed91e356ddff6d040f1
710,1738103020,"0",5736,kmt,Europe/Vilnius,3df113c5074936bfeda91519072e6da6
711,1738103020,"0",-18430,kmt,America/Grand_Turk,5da495ffacca302f359e2c4a07838d59
712,1738103020,"0",-18430,kmt,America/Jamaica,82374a1360be1eff11d87a0aa0c13005
713,1738103020,"0",7324,kmt,Europe/Kiev,a0146d80a0fd96a1d5e6bdea548a8486
714,1738103020,"0",30600,kst,Asia/Seoul,984583da618744539f428f832d6a0deb
715,1738103020,"0",32400,kst,Asia/Pyongyang,c7f3c7b189773530b49af2d8d671de82
716,1738103020,"0",30600,kst,ROK,79a4b04bbd143ce48e7b1033821ee32f
717,1738103020,1,9394,lst,Europe/Riga,d4045b03499024bc106355a8d01c6221
718,1738103020,1,-18000,mddt,America/Cambridge_Bay,34a3569d98987a074ff02c78c445a234
719,1738103020,1,-18000,mddt,America/Yellowknife,744af016742fa1d926445752669203ac
720,1738103020,1,16279,mdst,Europe/Moscow,5263fa9aea4fec35fba503e381cf1fc3
721,1738103020,1,-21600,mdt,America/Denver,f4bd2af0c240a3587ce7c968dc8552c6
722,1738103020,1,-21600,mdt,America/Bahia_Banderas,367a43f1bfa765db7c0824dfbd60ad80
723,1738103020,1,-21600,mdt,America/Boise,efc1c7b80314098f572b295231e51115
724,1738103020,1,-21600,mdt,America/Cambridge_Bay,b4a38e19e4a8bef69c31a0aeffc4e547
725,1738103020,1,-21600,mdt,America/Chihuahua,80b7ee957604ade33a0943b5ee38bcc8
726,1738103020,1,-21600,mdt,America/Edmonton,f19542a6fc5f32ddafb99f90c441d995
727,1738103020,1,-21600,mdt,America/Hermosillo,"0d4aef4c870f5475ba66b5a53579c384"
728,1738103020,1,-21600,mdt,America/Inuvik,cfea39f18426557142fedd901989bc24
729,1738103020,1,-21600,mdt,America/Mazatlan,d3dea05e18ff61da8b7a8951c2a66892
730,1738103020,1,-21600,mdt,America/North_Dakota/Beulah,54ed9c845ba9a7dbee7f933fb0fac6ef
731,1738103020,1,-21600,mdt,America/North_Dakota/Center,cc4a042962419dc06c25ee42264b3588
732,1738103020,1,-21600,mdt,America/North_Dakota/New_Salem,8a531bff067f3a49157d210fbd0511ba
733,1738103020,1,-21600,mdt,America/Ojinaga,e129e3d08d113250676e6e7b2ef75606
734,1738103020,1,-21600,mdt,America/Phoenix,238976f5cc8f4ea9d3d565dee70ec959
735,1738103020,1,-21600,mdt,America/Regina,cb90120288bc8f86e747a282ca773d95
736,1738103020,1,-21600,mdt,America/Shiprock,673ea2910c60f4f42d674e717eb9e519
737,1738103020,1,-21600,mdt,America/Swift_Current,1a506964455aad8096f2521001a9b3dc
738,1738103020,1,-21600,mdt,America/Yellowknife,b9f4a4080d77c2a1eb031dad27df4a31
739,1738103020,1,-21600,mdt,Canada/Mountain,e49426bf755d94ec141c8e7575437d2c
740,1738103020,1,-21600,mdt,Canada/Saskatchewan,b9bb9e352596db3d527e2398665191bb
741,1738103020,1,-21600,mdt,Mexico/BajaSur,d38c266347ef7c2f5bae40b4c5d67945
742,1738103020,1,7200,mest,MET,ea5bed9248abea74f647fb6fa48a2dc3
743,1738103020,"0",3600,met,MET,8e30b9c02aeb8ac4b182a4f118d76b5a
744,1738103020,"0",9017,mmt,Europe/Moscow,beff6055073311427493a538c1883e42
745,1738103020,"0",-13491,mmt,America/Montevideo,31b02cfed7f490ad206f4df659367005
746,1738103020,"0",-20712,mmt,America/Managua,7b3ce3ea6b26269662b6b0fdd300d59d
747,1738103020,"0",-2588,mmt,Africa/Monrovia,db251b6d222cac488673230874ce8d5c
748,1738103020,"0",17640,mmt,Indian/Maldives,1d7883058dc7719f02d7100614832390
749,1738103020,"0",19172,mmt,Asia/Colombo,7cf43b7cb95c553a9be17326e08b8cca
750,1738103020,"0",19270,mmt,Asia/Calcutta,ce84b3e017667cca7a7895805b7853eb
751,1738103020,"0",19270,mmt,Asia/Kolkata,6599fae5d031362b221c0f8fb5d7abeb
752,1738103020,"0",28656,mmt,Asia/Makassar,967a7642972b6a9b8eea09795ea8671c
753,1738103020,"0",28656,mmt,Asia/Ujung_Pandang,"01cd20df72eed34fe5cc4a7315fa2b52"
754,1738103020,"0",6600,mmt,Europe/Minsk,d1c619f85d06a148818bc8c6cfd070f2
755,1738103020,1,-21600,mpt,America/Denver,b26046c324b8a5e635ef5ca9de466364
756,1738103020,1,-21600,mpt,America/Boise,6ea03efb3d4901315212ed45e2a80018
757,1738103020,1,-21600,mpt,America/Cambridge_Bay,d33d28f294563a71cc7afeba509d97b2
758,1738103020,1,-21600,mpt,America/Edmonton,16305f01f07334cb6ec50ee402d018fb
759,1738103020,1,-21600,mpt,America/North_Dakota/Beulah,7a045886b2a6e7175ecd7a95fa8ded40
760,1738103020,1,-21600,mpt,America/North_Dakota/Center,36e241c468d1c75152959a47ec05f819
761,1738103020,1,-21600,mpt,America/North_Dakota/New_Salem,184d52380c294e5d15940d926fd8d6bc
762,1738103020,1,-21600,mpt,America/Regina,f660887ca5538ea4810a4566e473e94a
763,1738103020,1,-21600,mpt,America/Shiprock,7687070e367feb6d6ab81b3c7437e5f4
764,1738103020,1,-21600,mpt,America/Swift_Current,da67bcaf5971d45a03bdfe6bb143c098
765,1738103020,1,-21600,mpt,America/Yellowknife,b95767762f8474aaebabe62e15faed17
766,1738103020,1,-21600,mpt,Canada/Mountain,b0ab176132931b5983af74e56eea576a
767,1738103020,1,-21600,mpt,Canada/Saskatchewan,4450abb7b56c769fed72c26f53de9996
768,1738103020,1,14400,msd,Europe/Moscow,184931d3e643e3eaf0fcbf06d1e8ef5e
769,1738103020,1,14400,msd,Europe/Chisinau,195415b2c6b1a676873a786d028d0a43
770,1738103020,1,14400,msd,Europe/Kaliningrad,c40838bc06d0991b1086110df3c1fb58
771,1738103020,1,14400,msd,Europe/Kiev,5222ff5f63216a0669c81f9b9cda3c9c
772,1738103020,1,14400,msd,Europe/Minsk,a4c05f60af7e64d1d3d88f03c4cf77c2
773,1738103020,1,14400,msd,Europe/Riga,86989b666279b80d15f662df8f87394e
774,1738103020,1,14400,msd,Europe/Simferopol,53a9e2611de6ac7829417f5467083d9a
775,1738103020,1,14400,msd,Europe/Tallinn,79d651ef81d82d758e5b072fc3beaef5
776,1738103020,1,14400,msd,Europe/Tiraspol,df8e941a21522027dab5dd11c86df0d5
777,1738103020,1,14400,msd,Europe/Uzhgorod,1df5a647e08570b965cea75389d6e44d
778,1738103020,1,14400,msd,Europe/Vilnius,22ae26642ac0a8a10d1dff06e215c2bb
779,1738103020,1,14400,msd,Europe/Zaporozhye,730f6f691739aa4b5d900d52b1ee1b87
780,1738103020,"0",10800,msk,Europe/Moscow,f5b1081fb217485ba91102a5b636264e
781,1738103020,"0",10800,msk,Europe/Chisinau,4ed019b8f87495657e5a8953a18734ae
782,1738103020,"0",10800,msk,Europe/Kaliningrad,5701b86c0df4d694b125f5105b7b29ba
783,1738103020,"0",10800,msk,Europe/Kiev,b46851b0039d2df10cabe1be5543b9c1
784,1738103020,"0",10800,msk,Europe/Minsk,"009174df0b8b1dce1e2922ae868ed600"
785,1738103020,"0",10800,msk,Europe/Riga,66d90b554c890897357a56d1323f6f35
786,1738103020,"0",10800,msk,Europe/Simferopol,"0bf2e65ed6d66a0fdd8031ef12f42f8d"
787,1738103020,"0",10800,msk,Europe/Tallinn,7b46793c94d9f9b79d11c12e6bf2efb5
788,1738103020,"0",10800,msk,Europe/Tiraspol,73ee3515dbe8382b064e57028c384938
789,1738103020,"0",10800,msk,Europe/Uzhgorod,e24acfda9da88689c8cfc6a34be0d3da
790,1738103020,"0",10800,msk,Europe/Vilnius,46c8066063252c7b3729e40f887c84b2
791,1738103020,"0",10800,msk,Europe/Zaporozhye,c4970f9e54190ffd4b4830de8a07e3e7
792,1738103020,"0",-25200,mst,America/Denver,7ec793a4b228edf61a7fd8b6e6e6f686
793,1738103020,"0",-25200,mst,America/Bahia_Banderas,44ae403a29bf3c7a64790829fc73cffa
794,1738103020,"0",-25200,mst,America/Boise,34f08b1e130cea5985318960b1e47763
795,1738103020,"0",-25200,mst,America/Cambridge_Bay,67632e6a4ce2a4d5efc60a890ed38b5e
796,1738103020,"0",-25200,mst,America/Chihuahua,90df8dbff52657d39f39dd2007ad75ec
797,1738103020,"0",-25200,mst,America/Creston,d17e2ad4f3c91ef6bd0a22d6448074cd
798,1738103020,"0",-25200,mst,America/Dawson_Creek,159405142365ce9a9745e032eea3418c
799,1738103020,"0",-25200,mst,America/Edmonton,d23faeb94d50637edea6ec29fdd7607e
800,1738103020,"0",-25200,mst,America/Ensenada,2ac513ca8b55129df0c4f4d5697254fa
801,1738103020,"0",-25200,mst,America/Fort_Nelson,c1529a446f292d9e38c1e7e4efd4328f
802,1738103020,"0",-25200,mst,America/Hermosillo,ac594e1c0b754ea233bf9e394c6dc8e1
803,1738103020,"0",-25200,mst,America/Inuvik,a26094d12675947eb68edd6285299f29
804,1738103020,"0",-25200,mst,America/Mazatlan,7989789a0ac69d6ecc9fee66a1559029
805,1738103020,"0",-25200,mst,America/Mexico_City,8bb1bb394ba4cfe20216cc67e2e94297
806,1738103020,"0",-25200,mst,America/North_Dakota/Beulah,d90a7618da5fa981a77d185a47d338ac
807,1738103020,"0",-25200,mst,America/North_Dakota/Center,166ebea9d2b243abba510791b136edb1
808,1738103020,"0",-25200,mst,America/North_Dakota/New_Salem,6c2056c35605d8a241d8cc6c09e5f1af
809,1738103020,"0",-25200,mst,America/Ojinaga,935776b19861ab79df39b4033ebc30ad
810,1738103020,"0",-25200,mst,America/Phoenix,53d574b7b22848c5aeeef63ba271531d
811,1738103020,"0",-25200,mst,America/Regina,d60fe835a633b40bdd488c060269892a
812,1738103020,"0",-25200,mst,America/Santa_Isabel,254ad0df975e174c5cb231e570573898
813,1738103020,"0",-25200,mst,America/Shiprock,be1d029a781c5eef4c782462525dafd9
814,1738103020,"0",-25200,mst,America/Swift_Current,de845ca6bae5f7777c7742f8b70554dc
815,1738103020,"0",-25200,mst,America/Tijuana,ea67b9550cb2b4f0e1dc520898799a0d
816,1738103020,"0",-25200,mst,America/Yellowknife,2484a8bc82d01167d5153cb70f77a503
817,1738103020,"0",-25200,mst,Canada/Mountain,eb1ef29d2faa29ddace22c7784dcc709
818,1738103020,"0",-25200,mst,Canada/Saskatchewan,933ba98d9470fe40ca3c8936bc6b04e9
819,1738103020,"0",-25200,mst,Mexico/BajaNorte,a25e2b06082f3633bf103403a84706d8
820,1738103020,"0",-25200,mst,Mexico/BajaSur,36afe5385c0278359cbe0ab40db0f8e3
821,1738103020,"0",-25200,mst,Mexico/General,e9a058f11c3e0f42843918f4c0849f27
822,1738103020,1,12679,mst,Europe/Moscow,cc822b26ca78c19139835dfba8a69639
823,1738103020,1,-21600,mwt,America/Denver,883586d3c8f44c8ed0ff5c08c93bf353
824,1738103020,1,-21600,mwt,America/Boise,ec5cff0439766d03f474555b371e23a0
825,1738103020,1,-21600,mwt,America/Cambridge_Bay,de60b110aeeecef9257a261378a199e9
826,1738103020,1,-21600,mwt,America/Edmonton,978b3d2a5ead6b475d007a189d256bc2
827,1738103020,1,-21600,mwt,America/North_Dakota/Beulah,b283e5d19df5241f2af81831b3725398
828,1738103020,1,-21600,mwt,America/North_Dakota/Center,5cea0260a3317f2354d80cec5315f7c4
829,1738103020,1,-21600,mwt,America/North_Dakota/New_Salem,1f088821c838881605694158ecab0b08
830,1738103020,1,-21600,mwt,America/Phoenix,b64cf58491b201dd00e0d8c96599cccc
831,1738103020,1,-21600,mwt,America/Regina,895e9f4f063369c4a7f5844e15bc579e
832,1738103020,1,-21600,mwt,America/Shiprock,b3a584a581a0aa66621861d61198d738
833,1738103020,1,-21600,mwt,America/Swift_Current,c28e016fc847666d2cc3915360f7fd49
834,1738103020,1,-21600,mwt,America/Yellowknife,3b8d49b239afc4bcad184f48cccec2e4
835,1738103020,1,-21600,mwt,Canada/Mountain,663a6db16317f21c1c9d25f3834ac80f
836,1738103020,1,-21600,mwt,Canada/Saskatchewan,1f8396a1dc570aa284599234161f050b
837,1738103020,1,-5400,nddt,America/St_Johns,557818db060a5e58755039a03de3ccc2
838,1738103020,1,-5400,nddt,Canada/Newfoundland,1f16647768863142816f90d1fdafb972
839,1738103020,1,-9052,ndt,America/St_Johns,e838a2f890f8d1403cfe727e744823ed
840,1738103020,1,-9000,ndt,America/Goose_Bay,cee419a66ce2816976e2e57bea241b7e
841,1738103020,1,-9000,ndt,Canada/Newfoundland,9c3ddafe9b04cc7db752d75a954cef83
842,1738103020,1,-9000,npt,America/St_Johns,5d23e142a5e00498f248e8bda1b8c85f
843,1738103020,1,-36000,npt,America/Adak,e87d125bd9db47cbc8022a41edfefa9f
844,1738103020,1,-36000,npt,America/Atka,8f49ef345da4d472559149e578bc4afd
845,1738103020,1,-36000,npt,America/Nome,3b38342eb3448eb78bfe7f8e4e890b8d
846,1738103020,1,-9000,npt,America/Goose_Bay,e65658ced60152329ba929d12f3ed297
847,1738103020,1,-9000,npt,Canada/Newfoundland,687ab3a23d3fc6b6840a84d3c0cf9ea9
848,1738103020,"0",-12600,nst,America/St_Johns,ee48893d8fedf3bba634def3f59f3775
849,1738103020,1,4772,nst,Europe/Amsterdam,12de82f414ce604440dbec8a5fb2219b
850,1738103020,"0",-12600,nst,America/Goose_Bay,"074c994c21147453c001615b6a0435e9"
851,1738103020,"0",-12600,nst,Canada/Newfoundland,9bf9a49322216ece0e1ebe4991c12d4a
852,1738103020,"0",-39600,nst,America/Adak,5a242cc872856cbfd6f18197caa6168e
853,1738103020,"0",-39600,nst,America/Atka,c93b239f626655fdb3223af27b3ed3ca
854,1738103020,"0",-39600,nst,America/Nome,9b737663f48130b05b6f0638d284d9f7
855,1738103020,1,-9000,nwt,America/St_Johns,9503f8c633de73167d4235382a8b0fda
856,1738103020,1,-36000,nwt,America/Adak,58994d2591b7967afb71c414eb3f2db7
857,1738103020,1,-36000,nwt,America/Atka,33e08ffb5ba604f02e4034e58904fc23
858,1738103020,1,-36000,nwt,America/Nome,e84f56ecc94a4f6b77c68235352cce43
859,1738103020,1,-9000,nwt,America/Goose_Bay,be571d0d9af8cf25fc6f2cd11bfbbebf
860,1738103020,1,-9000,nwt,Canada/Newfoundland,ae8d53bc67045697191ecc9df078782f
861,1738103020,1,46800,nzdt,Pacific/Auckland,14598e780a1fc3fcd74dcb127944f37a
862,1738103020,1,46800,nzdt,Antarctica/McMurdo,590a596d7a88675dec1a0d4adb0b049a
863,1738103020,1,46800,nzdt,Antarctica/South_Pole,16d9e8dc8d4fb8d3aad4a7c80e99a543
864,1738103020,1,46800,nzdt,NZ,dd6644ff33eef43b0f61d2b76144bf25
865,1738103020,"0",41400,nzmt,Pacific/Auckland,37bcf03850afd92f808b37535707eb02
866,1738103020,"0",41400,nzmt,Antarctica/McMurdo,1d95b9b8691c2ab1e48d47f055023922
867,1738103020,"0",41400,nzmt,Antarctica/South_Pole,f4b10a9cd003f6eff712848fd3c4620c
868,1738103020,"0",41400,nzmt,NZ,d1921a29f16686bee317b13c325e4bce
869,1738103020,"0",43200,nzst,Pacific/Auckland,6f73c03e4858802421eb7285445436ab
870,1738103020,"0",43200,nzst,Antarctica/McMurdo,68330bb04d991521902de62624583c13
871,1738103020,"0",43200,nzst,Antarctica/South_Pole,"014cc5be57fd628a18661083b741721e"
872,1738103020,"0",43200,nzst,NZ,9b01a162455e92e6c2bf412430d18b01
873,1738103020,1,-21600,pddt,America/Inuvik,c52eedc7d713cca79c8b590ffe0fbaf8
874,1738103020,1,-25200,pdt,America/Los_Angeles,82bfdaa52607bd9dff4eed6fbc656674
875,1738103020,1,-25200,pdt,America/Boise,5ba1b888565177286b7bca64dff81b00
876,1738103020,1,-25200,pdt,America/Dawson,f6dd5831bd70cc7576c9c937dcfae63e
877,1738103020,1,-25200,pdt,America/Dawson_Creek,5fda354d8cab88f2927ed881d709279b
878,1738103020,1,-25200,pdt,America/Ensenada,"0e8d8091d4447ce4cb6c2b0d0eb0fda6"
879,1738103020,1,-25200,pdt,America/Fort_Nelson,7f2e2c62737db80c383d1b7ef32ae36b
880,1738103020,1,-25200,pdt,America/Juneau,cef61f5222a8b37bac0285e23a8cecb2
881,1738103020,1,-25200,pdt,America/Metlakatla,f12a987ed9d74e0f13381ccf12adec6c
882,1738103020,1,-25200,pdt,America/Santa_Isabel,26c413e32399dd59bd9fbf72b058b911
883,1738103020,1,-25200,pdt,America/Sitka,"0974f9265c58b699824d7fbe0501707c"
884,1738103020,1,-25200,pdt,America/Tijuana,84178e0ec17fdcbc9cd811bba525c306
885,1738103020,1,-25200,pdt,America/Vancouver,1579d48186dbae4ad28f264edefff932
886,1738103020,1,-25200,pdt,America/Whitehorse,4c850fbca7912c79b91f1feadca2f9af
887,1738103020,1,-25200,pdt,Canada/Pacific,cdac31fe23ee8ef9aa7f0b0e3f61815a
888,1738103020,1,-25200,pdt,Canada/Yukon,32e21efc9449f0b95910a3d780c8ce01
889,1738103020,1,-25200,pdt,Mexico/BajaNorte,7bfa8f0451e8f1257f9386c6f7c41aa5
890,1738103020,1,32400,pdt,Asia/Manila,51d1073624653954214941304044de43
891,1738103020,1,21600,pkst,Asia/Karachi,3f4cc82e351b01731b8c26266050ef5d
892,1738103020,"0",18000,pkt,Asia/Karachi,e0c7b45054fb77875a7cf2579d78f6c3
893,1738103020,"0",25590,plmt,Asia/Ho_Chi_Minh,ed95a3f954e87e57b3a7329bf2067d40
894,1738103020,"0",25590,plmt,Asia/Saigon,87a07d048e1154b590773e68e5bca745
895,1738103020,"0",-13236,pmt,America/Paramaribo,46107577ad7efe5e2861d6b4d143be6a
896,1738103020,"0",13505,pmt,Asia/Yekaterinburg,e691c3bddf64270c44b66188122665eb
897,1738103020,"0",26240,pmt,Asia/Pontianak,c2160be99b98fbf123ff9380855fb16a
898,1738103020,"0",561,pmt,Africa/Algiers,5d85c661a6db8a659786a724792b75e9
899,1738103020,"0",561,pmt,Africa/Tunis,3b6dc67fdb627d3582a4424d71bd644b
900,1738103020,"0",561,pmt,Europe/Monaco,139ea260618c83779f141da0d7cf8fdb
901,1738103020,"0",561,pmt,Europe/Paris,9f02f675921dfce2fa082bb676f21757
902,1738103020,"0",-17340,ppmt,America/Port-au-Prince,5686599e8748795aa275e01dae85a59a
903,1738103020,1,-25200,ppt,America/Los_Angeles,d47eb2bd3e499e1aa88f7ff2676ec6d3
904,1738103020,1,-25200,ppt,America/Dawson_Creek,31417a79dbf2c69a6d4067c2eb150dd7
905,1738103020,1,-25200,ppt,America/Ensenada,7e10eb11d6d1e17ef45c0122344f7b35
906,1738103020,1,-25200,ppt,America/Fort_Nelson,b3e5721893e332026c822dd3a4a796cf
907,1738103020,1,-25200,ppt,America/Juneau,d3f740b8b07c64ee29dcb1165ac34599
908,1738103020,1,-25200,ppt,America/Metlakatla,fe5027ff7865e30b3dcbcd810740cc75
909,1738103020,1,-25200,ppt,America/Santa_Isabel,c23e77b7be87a4dbba62d7b30c8ab1be
910,1738103020,1,-25200,ppt,America/Sitka,589bd534de04f98cbc7597035aa0037b
911,1738103020,1,-25200,ppt,America/Tijuana,f69eef2a52aaf5d505cd7824a28cc316
912,1738103020,1,-25200,ppt,America/Vancouver,16544293084becd573d2963529865dc8
913,1738103020,1,-25200,ppt,Canada/Pacific,907f2e039c3d46dbc20c495445c3488f
914,1738103020,1,-25200,ppt,Mexico/BajaNorte,8a3f619312e6a0d8be115321c0133bb8
915,1738103020,"0",-28800,pst,America/Los_Angeles,eccd5cd83010c79340cbedb7915e0fc5
916,1738103020,"0",-28800,pst,America/Bahia_Banderas,dec2cbf7f19f44c9bd4c4425fb945593
917,1738103020,"0",-28800,pst,America/Boise,8aaf8c43f336f32074307561ce1d0c76
918,1738103020,"0",-28800,pst,America/Creston,17529421ec99a3300630272794712f23
919,1738103020,"0",-28800,pst,America/Dawson,c8e2918c9dc1d02f049fc17d2668e6d8
920,1738103020,"0",-28800,pst,America/Dawson_Creek,bd111d7c574c573b0143fb6b4bcb222a
921,1738103020,"0",-28800,pst,America/Ensenada,aed82208eb66c4ad2464e9d0b14072c7
922,1738103020,"0",-28800,pst,America/Fort_Nelson,8bf90dc3b5d28d1a59ee0e4d91fe997f
923,1738103020,"0",-28800,pst,America/Hermosillo,ef1b3eb47ecaadcc91d23c32e17405ff
924,1738103020,"0",-28800,pst,America/Inuvik,a9051e1f680b4e3dcc68b79a7f46f110
925,1738103020,"0",-28800,pst,America/Juneau,"00d612cfa57e4d9e7580d3a144fa0bac"
926,1738103020,"0",-28800,pst,America/Mazatlan,af59c74d52ddb542b557ee140f5fdd49
927,1738103020,"0",-28800,pst,America/Metlakatla,d48cec2b331729adffdbf68058e9f5fe
928,1738103020,"0",-28800,pst,America/Santa_Isabel,121233c85b8f3aee157c785603320656
929,1738103020,"0",-28800,pst,America/Sitka,76e660819efa835b499ff0dfccde7fb5
930,1738103020,"0",-28800,pst,America/Tijuana,a8a7da59158863d084a5599847f1a814
931,1738103020,"0",-28800,pst,America/Vancouver,50002805ab9c3d4a0fc391347eb07b56
932,1738103020,"0",-28800,pst,America/Whitehorse,"0b83da5cb17e328219df4ebcb9cac8be"
933,1738103020,"0",-28800,pst,Canada/Pacific,1b3dfd5ea2692e16c15a62323800db4c
934,1738103020,"0",-28800,pst,Canada/Yukon,"05156e7db5f5baa8fa63a4a41a666a66"
935,1738103020,"0",-28800,pst,Mexico/BajaNorte,dc7a7866ae1b09f82a8c83e2213716e0
936,1738103020,"0",-28800,pst,Mexico/BajaSur,734ae6ea5adedb91e595a4b3f656c603
937,1738103020,"0",28800,pst,Asia/Manila,10350f98cf588c65c1039f1c791aa74d
938,1738103020,1,-25200,pwt,America/Los_Angeles,591490c3b8b53237a7d493e0986f8501
939,1738103020,1,-25200,pwt,America/Dawson_Creek,b14f9de9ace97902c47a5b619eb4b98e
940,1738103020,1,-25200,pwt,America/Ensenada,bf7e953cc6c6f87292e0b898295ef0b6
941,1738103020,1,-25200,pwt,America/Fort_Nelson,c5fc23f8a92cfdcab191d3a4af87ae80
942,1738103020,1,-25200,pwt,America/Juneau,4026317efe1862e40347472f2c5e27af
943,1738103020,1,-25200,pwt,America/Metlakatla,b2987e010dc0078df00e9b2db32e47d2
944,1738103020,1,-25200,pwt,America/Santa_Isabel,89e4b2268ca05b145d3f9702ed8f4f12
945,1738103020,1,-25200,pwt,America/Sitka,c52ef9fb4588ef9f28d5127786d15a63
946,1738103020,1,-25200,pwt,America/Tijuana,"0dad5bad63a66cbee2a2df36420792f3"
947,1738103020,1,-25200,pwt,America/Vancouver,782e9bf5ef801588fbdbfc03c8c8865b
948,1738103020,1,-25200,pwt,Canada/Pacific,147273c074dc399d6ffc6db37a0b1692
949,1738103020,1,-25200,pwt,Mexico/BajaNorte,e0b51f836ea129a074c39642b5d0adea
950,1738103020,"0",-18840,qmt,America/Guayaquil,ba759822120d47c328a182aae3714d90
951,1738103020,"0",5794,rmt,Europe/Riga,f541c78d63a3a2a204dbb3f0cf37f6d6
952,1738103020,"0",23087,rmt,Asia/Rangoon,cb104537e9dae463d71e9c3fb98db03b
953,1738103020,"0",23087,rmt,Asia/Yangon,ca395b95064555f98933e78bfa18e60c
954,1738103020,"0",7200,sast,Africa/Johannesburg,444617df878f4f2067fbd8b97322fc91
955,1738103020,1,10800,sast,Africa/Maseru,3a07180537c9b6ebb2048c76bfa2b30b
956,1738103020,1,10800,sast,Africa/Mbabane,27fc74fbdbb91e67a2cf9fef794eb4e8
957,1738103020,1,10800,sast,Africa/Windhoek,3558cd082b5e33640a30480c1d132a98
958,1738103020,"0",-16800,sdmt,America/Santo_Domingo,7cdb310379e4a819275ca6d5464ca060
959,1738103020,"0",-20173,sjmt,America/Costa_Rica,"0274355eb39a19039ad0d3440b0123e6"
960,1738103020,"0",-13884,smt,Atlantic/Stanley,acc4a0b5c204e1a6fd3ca2fd38c073ff
961,1738103020,"0",-16966,smt,America/Punta_Arenas,bc484df44c2fadf6dacb333497d93291
962,1738103020,"0",-16966,smt,America/Santiago,"0d9597fc993c64eda89d6fd1cdc9fbc6"
963,1738103020,"0",-16966,smt,Chile/Continental,5ba86fac392e99650ad61055860ef96b
964,1738103020,"0",24925,smt,Asia/Kuala_Lumpur,e78a88a1b6078829f8e13b4e4474e5d8
965,1738103020,"0",24925,smt,Asia/Singapore,41489d9177a60fb96105717615e92516
966,1738103020,"0",8160,smt,Europe/Simferopol,df8d394d6a59de2d49e74a81b595a8b1
967,1738103020,"0",-39600,sst,Pacific/Samoa,d1215763a750a9cd61247c8b320d5f4b
968,1738103020,"0",-39600,sst,Pacific/Midway,b7fed22e7eeef60bb33412fc31f3f120
969,1738103020,"0",-39600,sst,Pacific/Pago_Pago,9f3ec554a6be6d3c206dcbe1ae094b43
970,1738103020,"0",10751,tbmt,Asia/Tbilisi,"0e7b436a86a4465d5290341a8178d6cd"
971,1738103020,"0",12344,tmt,Asia/Tehran,43caa091ecce080a758767296da487d5
972,1738103020,"0",5940,tmt,Europe/Tallinn,"0908d76217278803fdc371e00f4b00ef"
973,1738103020,"0","0",uct,Etc/UCT,830593d6f7ef537fb7a0cd0a00faafbd
974,1738103020,"0","0",utc,Etc/Universal,1a2643e419b4c48082629ffcc8baed6f
975,1738103020,"0","0",utc,Etc/UTC,3f0e2283cd45ba6c20c4eced054ebc9a
976,1738103020,"0","0",utc,Etc/Zulu,d64240ae484043dd011ad7aae4a03678
977,1738103020,"0","0",utc,UTC,a29cc18fc3e30b6f74d1b694b5313f91
978,1738103020,1,7200,wast,Africa/Windhoek,815787aae4bfe92c0f92f9192055b275
979,1738103020,1,7200,wast,Africa/Ndjamena,f8fb4a0df7a370758d18ba5f9c71f563
980,1738103020,"0",3600,wat,Africa/Brazzaville,fb873439f6f81a49dcc5ebde8502f75e
981,1738103020,"0",3600,wat,Africa/Bangui,b5d0c8df8f58afd041a39d0b06778e1a
982,1738103020,"0",3600,wat,Africa/Douala,442ea81ccf61ccdbcff4556730bb3fa6
983,1738103020,"0",3600,wat,Africa/Kinshasa,93b1009a40a83055ee1631303024d0de
984,1738103020,"0",3600,wat,Africa/Lagos,fcd0ed0e66f1de5d9aceeba6e798995a
985,1738103020,"0",3600,wat,Africa/Libreville,e85640f1ba1d2871ae192d9c093589ca
986,1738103020,"0",3600,wat,Africa/Luanda,c75316c38c4e16841337759a94299e2b
987,1738103020,"0",3600,wat,Africa/Malabo,3fd439f3374d3cf786086c9e55af285d
988,1738103020,"0",3600,wat,Africa/Ndjamena,825f8a65897399a03147efa5867eb21e
989,1738103020,"0",3600,wat,Africa/Niamey,39dc31c39a970a03113ba23929fe9f75
990,1738103020,"0",3600,wat,Africa/Porto-Novo,57229d524f97ea98aa5aa333bcd274d6
991,1738103020,"0",3600,wat,Africa/Sao_Tome,33ebce91b75e565647a68400d656cf15
992,1738103020,1,3600,wat,Africa/Windhoek,d9405162af9bd0a3b0d101df9d2990e7
993,1738103020,1,7200,wemt,Europe/Lisbon,aa63f7aafcba42d152a03761824eaf53
994,1738103020,1,7200,wemt,Europe/Madrid,3697a76a7ff40fa14799719179be86e8
995,1738103020,1,7200,wemt,Europe/Monaco,3195a3149c93c198baee9bef9db47699
996,1738103020,1,7200,wemt,Europe/Paris,36f5ee19dd5a5a1e4ac569f7077d7a72
997,1738103020,1,3600,west,Europe/Paris,c4b8fb8e629ccf85f82f96f1675f356f
998,1738103020,1,7200,west,Europe/Luxembourg,4e22f6661624f9a05484be958ce1b8fa
999,1738103020,1,3600,west,Africa/Algiers,d908ffea289cf8f86d92d0cb37f4a32e
1000,1738103020,1,3600,west,Africa/Ceuta,9f01317cfa797046bc8247a688fa38de
1001,1738103020,1,3600,west,Atlantic/Canary,d4f0e592f21a04e96bf8d84e53e500e8
1002,1738103020,1,3600,west,Atlantic/Faeroe,996556d439bd51482fa388be6f843b3d
1003,1738103020,1,3600,west,Atlantic/Faroe,d0576826a666b39c6a5ae588c88ec903
1004,1738103020,1,3600,west,Atlantic/Madeira,92ccd9f7e5bd8a7c298a917acc552fe5
1005,1738103020,1,3600,west,Europe/Brussels,3738774626104cec2b20bbbd954889eb
1006,1738103020,1,3600,west,Europe/Lisbon,ac329e3a0ae48c51c55713e35c4eda1d
1007,1738103020,1,3600,west,Europe/Madrid,6d8b2f67a582bea4aedf5fbf8c6c1e76
1008,1738103020,1,3600,west,Europe/Monaco,"0d2cc3706580c5de2b978f6ce4a39350"
1009,1738103020,"0","0",wet,Europe/Paris,79c12a5428a8341f2897da4d3dca7693
1010,1738103020,"0",3600,wet,Europe/Luxembourg,45ef4d6fecb6847fb781993004a9a4dd
1011,1738103020,"0","0",wet,Africa/Algiers,f90144b72b26a1ff66305af7417f2aa8
1012,1738103020,"0","0",wet,Africa/Ceuta,24120c7df78ea1f2d781f75fa65b2278
1013,1738103020,"0","0",wet,Atlantic/Azores,cec439eaf79ada4bc86e8266241e9b18
1014,1738103020,"0","0",wet,Atlantic/Canary,f79bdc11dbf40a1f90b82bad5dc92f21
1015,1738103020,"0","0",wet,Atlantic/Faeroe,de6eed54f2d663fe960392ac62ace609
1016,1738103020,"0","0",wet,Atlantic/Faroe,c99875163f2eae3531fb59f99c45a64f
1017,1738103020,"0","0",wet,Atlantic/Madeira,4492767ee4ad4a8f862407ff7eb6e24f
1018,1738103020,"0","0",wet,Europe/Andorra,e7153d251671a2865a188ea8d0cc4cf7
1019,1738103020,"0","0",wet,Europe/Brussels,c9cb2eed4a0a30952c82e438d2bd483c
1020,1738103020,"0","0",wet,Europe/Lisbon,517e3105fd984f3af9530cc25ed2ef25
1021,1738103020,"0","0",wet,Europe/Madrid,db3391738b40e42bb4f6fc8a86fc7397
1022,1738103020,"0","0",wet,Europe/Monaco,eba3b465a42d2553b491cf9335849591
1023,1738103020,"0",25200,wib,Asia/Jakarta,3980f4c80cc7c2e1c648d95e8e192480
1024,1738103020,"0",25200,wib,Asia/Pontianak,a69d9d18c093b02e0ea94feda76a8dc1
1025,1738103020,"0",28800,wita,Asia/Makassar,33a3125ee45c1ce9cfa624b1d32828f5
1026,1738103020,"0",28800,wita,Asia/Pontianak,46159f3c5b5ce64051a5a7b73e839236
1027,1738103020,"0",28800,wita,Asia/Ujung_Pandang,1c12d10c7d40e09188c62f7adb04833c
1028,1738103020,"0",32400,wit,Asia/Jayapura,b4f0a0688f6b85f6d8edb411f9bfba5c
1029,1738103020,"0",5040,wmt,Europe/Vilnius,500ace6bab4ff668750986cc13b943ac
1030,1738103020,"0",5040,wmt,Europe/Warsaw,426f6222a9860300c4bd47a32ee05264
1031,1738103020,1,-25200,yddt,America/Dawson,50e392a75d07f35b8a22e0c5270e9fb9
1032,1738103020,1,-25200,yddt,America/Whitehorse,6df2fcc7960a848833ad524c1cdd9dec
1033,1738103020,1,-25200,yddt,Canada/Yukon,297e2ae90fc523d0fc0eddbe96dc770f
1034,1738103020,1,-28800,ydt,America/Dawson,b508f12a51cbf4373868d85208fdd685
1035,1738103020,1,-28800,ydt,America/Juneau,d544d508052325ca1f820e52831822f0
1036,1738103020,1,-28800,ydt,America/Whitehorse,8d16c54d1c17471ef26c8aff4e5decba
1037,1738103020,1,-28800,ydt,America/Yakutat,992a8d501dcad0e946434ad76d6d4615
1038,1738103020,1,-28800,ydt,Canada/Yukon,897d7062a6ce01204625d8ec77df1b14
1039,1738103020,1,-28800,ypt,America/Dawson,e94542a8224c0ae26c505114edbfda49
1040,1738103020,1,-28800,ypt,America/Whitehorse,71917d9849fbdae2eb6a60567cd52fce
1041,1738103020,1,-28800,ypt,America/Yakutat,6683d8af85ad97519358a6fb1a442e6e
1042,1738103020,1,-28800,ypt,Canada/Yukon,853717380c99926bfeaf4476a47ab560
1043,1738103020,"0",-32400,yst,America/Anchorage,567ebb4a98aaff3e7824672af66992d7
1044,1738103020,"0",-32400,yst,America/Dawson,ed0e95a3429ca52fed8a1cf7bae558f6
1045,1738103020,"0",-32400,yst,America/Juneau,fdbdd1223597484334131f188f08fc53
1046,1738103020,"0",-32400,yst,America/Nome,aad9ffec5495af0ee8bc61cd5cd25c84
1047,1738103020,"0",-32400,yst,America/Sitka,da07d38bdbca53d001987807422e5da1
1048,1738103020,"0",-32400,yst,America/Whitehorse,9d5c23efeba721d88cce91d218b51353
1049,1738103020,"0",-32400,yst,America/Yakutat,4ed34af7934f7dff9911695b59ecfbcf
1050,1738103020,"0",-32400,yst,Canada/Yukon,c8099302f7454bd7e96f1bf1a032b5e1
1051,1738103020,1,-28800,ywt,America/Dawson,35c2217d68361c279728e704d336bbff
1052,1738103020,1,-28800,ywt,America/Whitehorse,d9dd69eeac0f2910c7d44d0521944106
1053,1738103020,1,-28800,ywt,America/Yakutat,e500dd2c9566ad926aab488d8f80f898
1054,1738103020,1,-28800,ywt,Canada/Yukon,b1d931b45ea283ed952442901d3d98b6
1055,1738103020,"0",3600,a,,62bb615480a80e403f061e5235f0fa11
1056,1738103020,"0",7200,b,,c5d62f9f035ceb2fe4537bf494779881
1057,1738103020,"0",10800,c,,e5f2ec223564a6888e7fe906dbebc937
1058,1738103020,"0",14400,d,,d9cc1cdbcf876df3db70526410e9238c
1059,1738103020,"0",18000,e,,c212ba67d43c887776d437ea3c187d85
1060,1738103020,"0",21600,f,,32d22fd0ff70f3f4e3b6f424f4e1cba5
1061,1738103020,"0",25200,g,,a31ca832b90d0f8c34f29adc4b38e0b8
1062,1738103020,"0",28800,h,,485672e8f2d613ef5778fb47944b3982
1063,1738103020,"0",32400,i,,4683c1315a38020e357f1335b043e2e4
1064,1738103020,"0",36000,k,,c422eafd87fc973fb6bd8a8bcf2132be
1065,1738103020,"0",39600,l,,dc28e58e281be8152632c1b8380e0845
1066,1738103020,"0",43200,m,,78e498c1b096abceca1c9d6ceb85182c
1067,1738103020,"0",-3600,n,,5201ee4644c2f307b7fb651d09b3e8b5
1068,1738103020,"0",-7200,o,,ea60ed8d5bc59563f11e06ba56d54d36
1069,1738103020,"0",-10800,p,,bd5341ecf9f3c882047804c9990bf168
1070,1738103020,"0",-14400,q,,bcc6c35e123c303d748da3dca0e2a7f4
1071,1738103020,"0",-18000,r,,1062f812252d3fa45ddb837972afbd56
1072,1738103020,"0",-21600,s,,e58b27112c47d1872595494ee36cf321
1073,1738103020,"0",-25200,t,,"0eb810a9c40b61b0b4bf1a2e8e4600bb"
1074,1738103020,"0",-28800,u,,5211ec3b4f54cdb409bb4053d3d1366e
1075,1738103020,"0",-32400,v,,"0a5063171bb17bf7082a150654667077"
1076,1738103020,"0",-36000,w,,629338514c137d5a0758816ae3e4da3f
1077,1738103020,"0",-39600,x,,3c7d29417d708816f1a56c5399ffa971
1078,1738103020,"0",-43200,y,,f80078dad44a72498f8123e060b1bbb7
1079,1738103020,"0","0",z,,d01a349e40b908c65822fb4de5323d0b
